,Sports spot,Sports Address,BiciMAD spot,Address BiciMAD,Available bikes,Distance in m
0,Campo de Golf del Centro Nacional de Golf,CALLE ARROYO DEL MONTE 5,217 - Pedro Rico,Calle Pedro Rico nº 4,0,492.27404044847935
1,Campo de Golf del Club de Golf Olivar de la Hinojosa,CALLE VIA DE DUBLIN  SIN NÚMERO,208 - Plaza de Castilla,Paseo de la Castellana nº 216,4,289.9421864869073
2,Centro Comercial Dreams - Palacio Municipal de Hielo,CALLE SILVANO 77,207 - Remonta,Calle Azucenas nº 1,12,17.304118008352816
3,Centro Deportivo Municipal  María Jesús Rosa (La Vaguada),AVENIDA MONFORTE DE LEMOS 38,249 - Manuel Caldeiro,Paseo de la Castellana nº 298,11,68.17388463020325
4,Centro Deportivo Municipal Alcántara,CALLE ALCANTARA 26,8 - Alonso Martínez,Plaza de Alonso Martínez nº 5,22,26.128396710380912
5,Centro Deportivo Municipal Alfredo Goyeneche,CALLE ARROYO DE POZUELO 99,153 - General Perón con Poeta Joan Maragall,Avenida del General Perón frente al nº 36,0,13.809168519452214
6,Centro Deportivo Municipal Aluche,AVENIDA DE LAS AGUILAS 14,213 - Glorieta de Cádiz,Calle Antonio López nº 129,18,693.462853781879
7,Centro Deportivo Municipal Antiguo Canódromo,CALLE VIA CARPETANA 57,179 - Puente de Vallecas,Avenida de la Albufera nº 6,13,4.885208748281002
8,Centro Deportivo Municipal Antonio Díaz Miguel,CALLE JOAQUIN DICENTA 1,252 - Chamartín,Calle Rodríguez Jaén nº 40,7,38.486948252655566
9,Centro Deportivo Municipal Barajas,AVENIDA LOGROÑO 70,207 - Remonta,Calle Azucenas nº 1,12,1.5442132260650396
10,Centro Deportivo Municipal Barceló,MERCADO BARCELO 6 PLANTA 4º,54 - Barceló,Calle Barceló nº 7,19,3.1050877245143056
11,Centro Deportivo Municipal Blanca Fernández Ochoa (La Mina),CALLE MONSEÑOR OSCAR ROMERO 41,213 - Glorieta de Cádiz,Calle Antonio López nº 129,18,731.1231001932174
12,Centro Deportivo Municipal Casa de Campo,PASEO PUERTA DEL ANGEL 7,29 - Marqués de Cubas,Calle del Marqués de Cubas nº 25,10,15.096270807087421
13,Centro Deportivo Municipal Cea Bermúdez,CALLE CEA BERMUDEZ 3,140 - Velázquez 130,Calle Velázquez nº 130,4,7.452400693669915
14,Centro Deportivo Municipal Centro Integrado Arganzuela,CALLE CANARIAS 17,121 - Santa María de la Cabeza,Paseo de Santa María de la Cabeza nº 58,5,31.191568659618497
15,Centro Deportivo Municipal Cerro Almodóvar,CALLE CERRO DE ALMODOVAR 9,213 - Glorieta de Cádiz,Calle Antonio López nº 129,18,808.3797150002792
16,Centro Deportivo Municipal Chamartín,AVENIDA PIO XII 2,206 - Metro Tetuán,Calle Marqués de Viana nº 3,5,42.66857235133648
17,Centro Deportivo Municipal Circuito BMX,CALLE EMBAJADORES 316,213 - Glorieta de Cádiz,Calle Antonio López nº 129,18,379.7100293263793
18,Centro Deportivo Municipal Ciudad de los Poetas,CALLE ANTONIO MACHADO 12,209 - Plaza de Castilla 2,Paseo Castellana (Fundación Canal),9,27.02593233715743
19,Centro Deportivo Municipal Concepción,CALLE JOSE DEL HIERRO 5,194 - Avenida de América 2,Calle Francisco Silvela nº 86,3,0.7258556820452213
20,Centro Deportivo Municipal Daoíz y Velarde 1,PLAZA DAOÍZ Y VELARDE 5,225 - Doctor Lozano,Calle Sierra Toledana nº 33,9,12.626487094908953
21,Centro Deportivo Municipal Daoíz y Velarde 2,CALLE ALBERCHE 21,78 - Pedro Bosch,Calle Cerro de la Plata nº 2,10,1.1343135861679912
22,Centro Deportivo Municipal El Espinillo,CARRETERA VILLAVERDE A VALLECAS 19,213 - Glorieta de Cádiz,Calle Antonio López nº 129,18,3629.9126439364627
23,Centro Deportivo Municipal El Olivillo,CALLE OLIVILLO 4,77 - Conde de Casal,Plaza del Conde de Casal nº 8,2,19.44776157476008
24,Centro Deportivo Municipal El Quijote,CALLE NUMANCIA 11,205 - Estrecho,Calle Navarra nº 1,0,8.690788395702839
25,Centro Deportivo Municipal Entrevías,RONDA SUR 4,213 - Glorieta de Cádiz,Calle Antonio López nº 129,18,1172.9497961336747
26,Centro Deportivo Municipal Escuelas de San Antón,CALLE FARMACIA 13,26 - Plaza de las Salesas,Plaza de las Salesas 7,20,3.1502070520073175
27,Centro Deportivo Municipal Estadio de Atletismo Vallehermoso,CALLE MELQUIADES ALVAREZ 19 esquina con calle Jesús Maestro,131 - Bravo Murillo 44,Calle Bravo Murillo nº 44,4,40.389341733418405
28,Centro Deportivo Municipal Estanque del Retiro,PASEO COLOMBIA 2,56 - Plaza del Carmen ,Plaza del Carmen nº 1,0,1.8708310006186366
29,Centro Deportivo Municipal Fabián Roncero,AVENIDA SEPTIMA 68,149 - Paseo de la Habana 42,Paseo de la Habana nº 42,5,22.760255691595376
30,Centro Deportivo Municipal Faustina Valladolid (antiguo Valdebernardo),CALLE LADERA DE LOS ALMENDROS 2,168 - Batalla del Salado,Paseo Santa María de la Cabeza nº 29,13,31.45771111920476
31,Centro Deportivo Municipal Fernando Martín,AVENIDA SANTO ANGEL DE LA GUARDA 6,206 - Metro Tetuán,Calle Marqués de Viana nº 3,5,20.61688434332609
32,Centro Deportivo Municipal Francisco Fernández Ochoa,CALLE CATORCE OLIVAS 1,213 - Glorieta de Cádiz,Calle Antonio López nº 129,18,2575.068088877015
33,Centro Deportivo Municipal Fuente del Berro,CALLE ELVIRA 36,19 - Prim,Calle Prim nº 2,0,15.81086882762611
34,Centro Deportivo Municipal Félix Rubio,CALLE ALIANZA 4,213 - Glorieta de Cádiz,Calle Antonio López nº 129,18,3508.8261195058003
35,Centro Deportivo Municipal Gallur,CALLE GALLUR 2,212 - Marqués de Vadillo,Glorieta Marqués de Vadillo nº 9,2,24.360274044796824
36,Centro Deportivo Municipal Gimnasio Moscardó,CALLE PILAR DE ZARAGOZA 93,241 - Camilo José Cela,Avenida de Camilo José Cela nº 23,12,16.173572859726846
37,Centro Deportivo Municipal Hortaleza,CARRETERA ESTACION DE HORTALEZA 11,249 - Manuel Caldeiro,Paseo de la Castellana nº 298,11,72.58849664777517
38,Centro Deportivo Municipal José María Cagigal,CALLE SANTA POLA 22,144 - Juan Bravo 50,Calle Juan Bravo nº 50,6,24.039062451571226
39,Centro Deportivo Municipal Juan de Dios Román,CALLE JOSE GUTIERREZ MAROTO 34,213 - Glorieta de Cádiz,Calle Antonio López nº 129,18,2786.7927488796413
40,Centro Deportivo Municipal La Almudena,CALLE NICOLAS SALMERÓN 8,211 - Desengaño,Calle Desengaño nº 1,23,1.8366264421492815
41,Centro Deportivo Municipal La Bombilla,CALLE SENDA DEL REY 8,232 - José María Pereda,Calle José María de Pereda nº 1,19,5.372507163323462
42,Centro Deportivo Municipal La Cebada (antigua La Latina),PLAZA CEBADA 15,218 - Camino Vinateros,Calle Camino de los Vinateros nº 28,16,1.7904823450371623
43,Centro Deportivo Municipal La Chopera,PASEO FERNAN NUÑEZ 3,74 - Puerta del Pacífico ,Avenida de Menéndez Pelayo nº 73,8,10.284975091926754
44,Centro Deportivo Municipal La Elipa,CALLE ALCALDE GARRIDO JUARISTI 17,52 - Plaza de Santa Ana,Plaza de Santa Ana nº 10,22,10.170406398363411
45,Centro Deportivo Municipal La Fundi,CALLE ALICANTE 14,228 - San Delfín,Calle San Delfín nº 9,17,3.2194425584748387
46,Centro Deportivo Municipal La Masó,CALLE MASO 80 C/V Ventisquero de la Condesa,217 - Pedro Rico,Calle Pedro Rico nº 4,0,371.8070236481726
47,Centro Deportivo Municipal Lago Casa de Campo,PASEO EMBARCADERO 8,1a - Puerta del Sol A,Puerta del Sol nº 1,0,22.330967739224434
48,Centro Deportivo Municipal Las Cruces,AVENIDA POBLADOS 72,213 - Glorieta de Cádiz,Calle Antonio López nº 129,18,1091.0493003819138
49,Centro Deportivo Municipal Los Prunos,CALLE PETUNIAS 30,205 - Estrecho,Calle Navarra nº 1,0,27.000158657319844
50,Centro Deportivo Municipal Luis Aragonés,CALLE EL PROVENCIO 20,209 - Plaza de Castilla 2,Paseo Castellana (Fundación Canal),9,114.31976771820337
51,Centro Deportivo Municipal Margot Moles (Vicálvaro),PASEO POLIDEPORTIVO 3,224 - Caramuel,Calle Caramuel nº 51,5,0.48043833300471306
52,Centro Deportivo Municipal Marqués de Samaranch,PASEO IMPERIAL 20,236 - Paseo Imperial,Paseo Imperial nº 20,12,4.335625578649342
53,Centro Deportivo Municipal Miguel Guillén Prim,CALLE FUENTIDUEÑA 6 ESQUINA CALLE PUERTO PORZUNA,213 - Glorieta de Cádiz,Calle Antonio López nº 129,18,1684.4248056132346
54,Centro Deportivo Municipal Moratalaz,CALLE VALDEBERNARDO 2,226 - Sierra Toledana,Camino de Valderribas nº 94,19,17.45148391276598
55,Centro Deportivo Municipal Moscardó,CALLE ANDRES ARTEAGA 5,213 - Glorieta de Cádiz,Calle Antonio López nº 129,18,49.77046903595328
56,Centro Deportivo Municipal Orcasitas,AVENIDA RAFAELA YBARRA 52,213 - Glorieta de Cádiz,Calle Antonio López nº 129,18,1488.1035257969052
57,Centro Deportivo Municipal Orcasur,CALLE MOREJA 11,213 - Glorieta de Cádiz,Calle Antonio López nº 129,18,2085.0214387448505
58,Centro Deportivo Municipal Pabellón Villa de Madrid,CALLE BREZOS 6 c/v calle Antonio Sancha,206 - Metro Tetuán,Calle Marqués de Viana nº 3,5,78.6898833932355
59,Centro Deportivo Municipal Palomeras,CALLE TRANVIA DE ARGANDA 4,213 - Glorieta de Cádiz,Calle Antonio López nº 129,18,706.4755336316302
60,Centro Deportivo Municipal Pepu Hernández,AVENIDA NIZA 8,113 - Pintor Rosales,Paseo del Pintor Rosales frente al nº 38,23,2.0675796903669834
61,Centro Deportivo Municipal Peñagrande,AVENIDA MONFORTE DE LEMOS 184,248 - Torre Cepsa,Calle Sinesio Delgado nº 2,11,271.86275205388665
62,Centro Deportivo Municipal Peñuelas,CALLE ARGANDA 25,226 - Sierra Toledana,Camino de Valderribas nº 94,19,40.07408873178065
63,Centro Deportivo Municipal Plata y Castañar,PASEO PLATA Y CASTAÑAR 7,213 - Glorieta de Cádiz,Calle Antonio López nº 129,18,4337.010313411243
64,Centro Deportivo Municipal Playa Victoria,CALLE HIERBABUENA 2,156 - Sor Ángela de la Cruz,Calle Sor Ángela de la Cruz nº 2,3,4.591619572602212
65,Centro Deportivo Municipal Pradillo,CALLE PRADILLO 33,151 - Orense 12,Calle Orense nº 12,1,21.832676216959953
66,Centro Deportivo Municipal Pueblo Nuevo,CALLE FRANCISCO RIOJA 14,109 - Marqués de Salamanca,Calle José Ortega y Gasset nº 30,10,1.7475394243374467
67,Centro Deportivo Municipal Raúl González,CALLE BENIMAMET 137,213 - Glorieta de Cádiz,Calle Antonio López nº 129,18,4756.6789398267865
68,Centro Deportivo Municipal San Blas,AVENIDA HELLIN 47,186 - General Pardiñas,Calle General Pardiñas nº 56,6,13.543334697373211
69,Centro Deportivo Municipal San Cristóbal,PLAZA PINAZO 9,213 - Glorieta de Cádiz,Calle Antonio López nº 129,18,5151.5130403693765
70,Centro Deportivo Municipal San Fermín,CALLE SAN MARIO 18,213 - Glorieta de Cádiz,Calle Antonio López nº 129,18,1518.8682668870315
71,Centro Deportivo Municipal San Juan Bautista,CALLE TREVIANA 1,150 - Castellana frente a Hermanos Pinzón,Paseo de la Castellana nº 122,0,27.010209416039288
72,Centro Deportivo Municipal Santa Ana,PASEO ALAMEDILLAS 5,217 - Pedro Rico,Calle Pedro Rico nº 4,0,1893.3990610148758
73,Centro Deportivo Municipal Tenis Casa de Campo,CAMINO PRINCIPE 2,61 - Narváez,Calle O'Donnell nº 28,4,4.266397470608354
74,Centro Deportivo Municipal Triángulo de Oro,CALLE BRAVO MURILLO 376,209 - Plaza de Castilla 2,Paseo Castellana (Fundación Canal),9,61.52713012136519
75,Centro Deportivo Municipal Vallecas Verano,CALLE ARROYO DEL OLIVAR 51,177 - Legazpi,Calle Bolívar nº 3,14,122.81659202091396
76,Centro Deportivo Municipal Vallehermoso,AVENIDA FILIPINAS 7,250 - Serrano 113,Calle Serrano nº 113B,8,45.81480108667165
77,Centro Deportivo Municipal Vicente del Bosque,AVENIDA MONFORTE DE LEMOS 13,249 - Manuel Caldeiro,Paseo de la Castellana nº 298,11,51.920042655430734
78,Centro Deportivo Municipal Wilfred Agbonavbare (antiguo Alberto García),"CALLE REGUERA DE TOMATEROS, 39B ",213 - Glorieta de Cádiz,Calle Antonio López nº 129,18,1839.9533247146755
79,Centro Deportivo Municipal Ángel Nieto (antiguo Puente de Vallecas),CALLE PAYASO FOFO 7,177 - Legazpi,Calle Bolívar nº 3,14,1.141349988989532
80,Centro de Alto Rendimiento del Consejo Superior de Deportes,CALLE MARTIN FIERRO 5,240 - Avenida Brasilia,Avenida de Brasilia frente al nº 9,6,16.91993561014533
81,Centro de Natación Mundial 86 (M - 86),CALLE JOSE MARTINEZ DE VELASCO 3,9 - Plaza de San Miguel,Plaza de San Miguel nº 9,10,9.202313254587352
82,Club Deportivo Somontes,CARRETERA EL PARDO 43,217 - Pedro Rico,Calle Pedro Rico nº 4,0,1249.0872436817735
83,Complejo Deportivo Hockey Somontes de la Comunidad de Madrid,CARRETERA EL PARDO 41,217 - Pedro Rico,Calle Pedro Rico nº 4,0,641.5244882879779
84,Complejo de campos de Fútbol Ernesto Cotorruelo,CALLE VIA LUSITANA 5,213 - Glorieta de Cádiz,Calle Antonio López nº 129,18,859.3115115817636
85,Espacio Polivalente Embajadores,CALLE EMBAJADORES 18,44 - Plaza de Nelson Mandela,Calle Mesón de Paredes nº 35,5,2.0243431329727173
86,Estadio Cívitas Metropolitano Madrid,AVENIDA LUIS ARAGONES 4,246 - Santa Engracia 87,Calle Santa Engracia nº 87,9,5.399741446599364
87,Estadio Santiago Bernabéu,AVENIDA CONCHA ESPINA 1,153 - General Perón con Poeta Joan Maragall,Avenida del General Perón frente al nº 36,0,10.647453844547272
88,Estadio de Vallecas,AVENIDA ALBUFERA 114,165 - Entrada Matadero,Paseo de la Chopera nº 14,1,55.47859608754516
89,Hipódromo de la Zarzuela,AVENIDA PADRE HUIDOBRO  s/n Carretera de La Coruña Km. 8,208 - Plaza de Castilla,Paseo de la Castellana nº 216,4,59.71961512044072
90,Instalación Deportiva  Básica Embalse de San Juan,CALLE EMBALSE DE SAN JUAN 1,213 - Glorieta de Cádiz,Calle Antonio López nº 129,18,2928.497807861306
91,Instalación Deportiva Básica Alto del Retiro,CALLE ALTO DEL RETIRO 13 c/v calle Antonio Gades,213 - Glorieta de Cádiz,Calle Antonio López nº 129,18,2386.167274657637
92,Instalación Deportiva Básica Avenida de Cerro Milano,AVENIDA CERRO MILANO 1,213 - Glorieta de Cádiz,Calle Antonio López nº 129,18,2263.237542138435
93,Instalación Deportiva Básica Avenida de las Suertes,AVENIDA avenida de las Suertes ,213 - Glorieta de Cádiz,Calle Antonio López nº 129,18,2076.412792441435
94,Instalación Deportiva Básica Avenida del Ensanche de Vallecas,AVENIDA ENSANCHE DE VALLECAS 11,213 - Glorieta de Cádiz,Calle Antonio López nº 129,18,2076.412792441435
95,Instalación Deportiva Básica Avenida del Mediterráneo,INST. DEPORTIVA BASICA LUIS MITJANS ,119 - Méndez Álvaro,Calle Méndez Álvaro nº 11,4,6.326982883736491
96,Instalación Deportiva Básica Camino de la Suerte,CAMINO SUERTE 25,213 - Glorieta de Cádiz,Calle Antonio López nº 129,18,1462.3168964153156
97,Instalación Deportiva Básica Campos de Rugby de las Leonas,"CALLE ESCUELA DE VALLECAS 33 C/ Eduardo Chillida, C/ Arte Hiperrealista, C/ Arte Figurativo",213 - Glorieta de Cádiz,Calle Antonio López nº 129,18,3302.919692383148
98,Instalación Deportiva Básica Circuito de Automodelismo,CALLE NAVAMURES 2,213 - Glorieta de Cádiz,Calle Antonio López nº 129,18,1792.0446211025119
99,Instalación Deportiva Básica Colonia Vilda,CALLE PUENTELARRA 1 c/v Avda. Sta. Eugenia,213 - Glorieta de Cádiz,Calle Antonio López nº 129,18,824.5029524434358
100,Instalación Deportiva Básica Eduardo Chillida,CALLE EDUARDO CHILLIDA 1,213 - Glorieta de Cádiz,Calle Antonio López nº 129,18,2886.242163934745
101,Instalación Deportiva Básica Jardines de José Luis Sampedro (junto al Centro Cultural Galileo),JARDIN JOSE LUIS SAMPEDRO ,127 - Fernando el Católico,Calle Fernando el Católico nº 19,10,1.0220390819013119
102,Instalación Deportiva Básica La Unión,"CALLE ENRIQUE GARCIA ALVAREZ 58 c/v Diego Olivera Victorio, 1",213 - Glorieta de Cádiz,Calle Antonio López nº 129,18,612.409976631403
103,Instalación Deportiva Básica Nuestra Señora de la Torre,TRAVESIA PUERTO DE REINOSA 2,213 - Glorieta de Cádiz,Calle Antonio López nº 129,18,1162.7004975154996
104,Instalación Deportiva Básica P.A.R. Castrillo de Aza,AVENIDA SANTA EUGENIA 1,213 - Glorieta de Cádiz,Calle Antonio López nº 129,18,298.5357315763831
105,Instalación Deportiva Básica Pabellón del Cementerio,CALLE PICO DE LA CIERVA ,213 - Glorieta de Cádiz,Calle Antonio López nº 129,18,1062.0584580264986
106,Instalación Deportiva Básica Parkour,AVENIDA LA GAVIA 39,213 - Glorieta de Cádiz,Calle Antonio López nº 129,18,2098.4666810669005
107,Instalación Deportiva Básica Parque Real de Arganda,CALLE REAL DE ARGANDA 45,213 - Glorieta de Cádiz,Calle Antonio López nº 129,18,1052.9673401890323
108,Instalación Deportiva Básica Parque Santa Eugenia,CALLE ZAZUAR 12,213 - Glorieta de Cádiz,Calle Antonio López nº 129,18,850.3355540158227
109,Instalación Deportiva Básica Parque Villa de Vallecas,CALLE PUERTO DE PORZUNA 50,213 - Glorieta de Cádiz,Calle Antonio López nº 129,18,1800.0404375325888
110,Instalación Deportiva Básica Parque del Cementerio,CALLE MONTES DE BARBANZA 15,213 - Glorieta de Cádiz,Calle Antonio López nº 129,18,1318.7904522232711
111,Instalación Deportiva Básica Parroquia Santa Eugenia,CALLE VIRGEN DE LAS VI&amp;Ntilde;AS 15,213 - Glorieta de Cádiz,Calle Antonio López nº 129,18,987.1861253175884
112,Instalación Deportiva Básica Peñaranda de Bracamonte,CALLE PEÑARANDA DE BRACAMONTE 4,213 - Glorieta de Cádiz,Calle Antonio López nº 129,18,1515.162489645183
113,Instalación Deportiva Básica Pista de Patinaje,CALLE PUERTO DE PORZUNA,213 - Glorieta de Cádiz,Calle Antonio López nº 129,18,1800.0404375325888
114,Instalación Deportiva Básica Poza de la Sal,CALLE POZA DE LA SAL 2,213 - Glorieta de Cádiz,Calle Antonio López nº 129,18,1093.8550175959244
115,Instalación Deportiva Básica Puentelarra,CALLE PUENTELARRA 12,213 - Glorieta de Cádiz,Calle Antonio López nº 129,18,635.1108215944842
116,Instalación Deportiva Básica Puerto Lumbreras,INST. DEPORTIVA BASICA POZA DE LA SAL ,213 - Glorieta de Cádiz,Calle Antonio López nº 129,18,1073.372356692329
117,Instalación Deportiva Básica Rocódromo,AVENIDA LA GAVIA 4 c/v Avenida Cerro Milano,213 - Glorieta de Cádiz,Calle Antonio López nº 129,18,1354.0669978139922
118,Instalación Deportiva Básica Santa Eugenia,CALLE CERRO DE ALMODOVAR 11,213 - Glorieta de Cádiz,Calle Antonio López nº 129,18,990.7511297427118
119,Instalación Deportiva Básica Skate Real de Arganda,CALLE REAL DE ARGANDA 49,213 - Glorieta de Cádiz,Calle Antonio López nº 129,18,1052.9673401890323
120,Instalación Deportiva Básica Stela Maris,CALLE PEÑARANDA DE BRACAMONTE 4,213 - Glorieta de Cádiz,Calle Antonio López nº 129,18,1515.162489645183
121,Instalación Deportiva Canal de Isabel II,AVENIDA FILIPINAS 54,135 - Plaza de San Juan de la Cruz,Plaza de San Juan de la Cruz nº 11,1,6.396778197027743
122,Instalación Deportiva Municipal Básica Abrantes - Colonia Velázquez,AVENIDA ABRANTES 297,213 - Glorieta de Cádiz,Calle Antonio López nº 129,18,1574.7603617999703
123,Instalación Deportiva Municipal Básica Acuario,CALLE MISTRAL 1,252 - Chamartín,Calle Rodríguez Jaén nº 40,7,22.948172360658646
124,Instalación Deportiva Municipal Básica Alameda de Osuna I,CALLE BALANDRO 1,237 - Pablo Iglesias,Calle Francisco Balseiro nº 1,1,9.077993064187467
125,Instalación Deportiva Municipal Básica Alameda de Osuna II,PASEO ALAMEDA DE OSUNA 46,159 - Paseo de la Habana 63,Paseo de la Habana nº 63,11,14.61429325118661
126,Instalación Deportiva Municipal Básica Alas,CALLE ALAS 2,252 - Chamartín,Calle Rodríguez Jaén nº 40,7,49.705626256763935
127,Instalación Deportiva Municipal Básica Albaicín,CALLE ALBAICIN 19 Orcasur,213 - Glorieta de Cádiz,Calle Antonio López nº 129,18,2311.6414230689406
128,Instalación Deportiva Municipal Básica Albaida,CALLE ALBAIDA S/N Parque de San Blas,3 - Plaza Conde Suchil,Plaza del Conde del Valle de Súchil nº 3,9,5.810583632439375
129,Instalación Deportiva Municipal Básica Alcalde Martín de Alzaga,CALLE ALCALDE MARTIN DE ALZAGA S/N,207 - Remonta,Calle Azucenas nº 1,12,7.9689245000481606
130,Instalación Deportiva Municipal Básica Alerce,CALLE ALERCE 31 Junto M-40,213 - Glorieta de Cádiz,Calle Antonio López nº 129,18,2658.983059653081
131,Instalación Deportiva Municipal Básica Alfonso XIII,"AVENIDA ALFONSO XIII c/v SANTA MARÍA MAGDALENA, 2 136 c/v Santa María Magdalena, 2",254 - Pío XII,Avenida Pío XII nº 3,17,56.28876495361328
132,Instalación Deportiva Municipal Básica Alhaurín,CALLE ALHAURIN 4,248 - Torre Cepsa,Calle Sinesio Delgado nº 2,11,93.43341576959938
133,Instalación Deportiva Municipal Básica Alicún,CALLE ALICUN 24,249 - Manuel Caldeiro,Paseo de la Castellana nº 298,11,10.19451257865876
134,Instalación Deportiva Municipal Básica Aliseda,CALLE ALISEDA c/v Real Betis,213 - Glorieta de Cádiz,Calle Antonio López nº 129,18,1429.5110996570438
135,Instalación Deportiva Municipal Básica Almudena,CALLE NICOLAS SALMERON 8,30 - San Quintín,Calle Pavía nº 6,16,13.299701648764312
136,Instalación Deportiva Municipal Básica Ambulatorio (El Paraiso),CALLE AJOFRIN s/n,183 - Doctor Esquerdo-Hermosilla,Calle Hermosilla nº 135,12,3.0899396184831858
137,Instalación Deportiva Municipal Básica Americio,CALLE AMERICIO s/n,213 - Glorieta de Cádiz,Calle Antonio López nº 129,18,3641.422437521629
138,Instalación Deportiva Municipal Básica Ana Tutor,AVENIDA CARDENAL HERRERA ORIA 216,217 - Pedro Rico,Calle Pedro Rico nº 4,0,1089.469735968858
139,Instalación Deportiva Municipal Básica Andévalo,CALLE ANDEVALO 6 Aparcamiento,213 - Glorieta de Cádiz,Calle Antonio López nº 129,18,1619.1790780527517
140,Instalación Deportiva Municipal Básica Anfevi,CALLE HACIENDA DE PAVONES 127 Posterior,162 - Metro Pirámides,Paseo de los Olmos nº 28,9,3.4002591986209154
141,Instalación Deportiva Municipal Básica Aniceto Marinas,CALLE ANICETO MARINAS 106,188 - Puente de Ventas,Avenida de Daroca nº 2,16,2.3915927559137344
142,Instalación Deportiva Municipal Básica Antonio Machado,CALLE ANTONIO MACHADO 14 Posterior,208 - Plaza de Castilla,Paseo de la Castellana nº 216,4,33.08065019734204
143,Instalación Deportiva Municipal Básica Antonio Pirala,CALLE ANTONIO PIRALA s/n,123 - Guzmán el Bueno,Calle Guzmán el Bueno nº 1,7,11.760843151248991
144,Instalación Deportiva Municipal Básica Arcaute,AVENIDA INVIERNO 1,230 - Carlota O’Neill,Calle Carlota O'Neill nº 32,13,8.655209247022867
145,Instalación Deportiva Municipal Básica Arcos de Jalón,CALLE ARCOS DE JALON s/n c/v Albericia,6 - Colegio Arquitectos,Calle Hortaleza nº 63,0,11.806196139194071
146,Instalación Deportiva Municipal Básica Arequipa,CALLE AREQUIPA 12,208 - Plaza de Castilla,Paseo de la Castellana nº 216,4,281.0169744519517
147,Instalación Deportiva Municipal Básica Arganda,CALLE ARGANDA 10,221 - Pavones,Calle Hacienda de Pavones nº 342,16,28.31565141212195
148,Instalación Deportiva Municipal Básica Arjona,CALLE CONCEJAL FRANCISCO JOSE JIMENEZ MARTIN 11,171 - Embajadores-Cáceres,Calle Embajadores nº 101,5,26.07797573506832
149,Instalación Deportiva Municipal Básica Arriaga,AVENIDA DAROCA 95,185 - Quinta Fuente del Berro,Calle Sancho Dávila esquina Paseo Marqués de Zafra,13,0.7760091349482536
150,Instalación Deportiva Municipal Básica Arroyo Belincoso,AVENIDA DOCTOR GARCIA TAPIA 76 c/v calle Arroyo Belincoso,41 - Antón Martín,Calle Atocha nº 54,13,16.07416256610304
151,Instalación Deportiva Municipal Básica Arroyo Fontarrón,CALLE ARROYO FONTARRON 381,175 - Jaime el Conquistador,Calle Jaime el Conquistador nº 30,11,56.1970277633518
152,Instalación Deportiva Municipal Básica Arroyo Media Legua,INST. DEPORTIVA BASICA ARROYO DE LA MEDIA LEGUA ,95 - Villanueva,Calle Claudio Coello nº 109,5,19.431159746833146
153,Instalación Deportiva Municipal Básica Arroyo de Opañel,CALLE ARROYO OPAÑEL 12,213 - Glorieta de Cádiz,Calle Antonio López nº 129,18,50.681662214919925
154,Instalación Deportiva Municipal Básica Aster - Lirios,AVENIDA ALFONSO XIII (posterior) 126 Posterior,158 - Alberto Alcocer,Avenida de Alberto Alcocer nº 22,13,13.150959411635995
155,Instalación Deportiva Municipal Básica Auditorio de Chamartín,PLAZA JOAQUIN RODRIGO 1,137 - Plaza de la República Argentina,Plaza de la República Argentina nº 6,5,9.593865713104606
156,Instalación Deportiva Municipal Básica Auditorio de Moratalaz,CALLE HACIENDA DE PAVONES 209,119 - Méndez Álvaro,Calle Méndez Álvaro nº 11,4,11.80066351313144
157,Instalación Deportiva Municipal Básica Avenida General Perón,AVENIDA GENERAL PERON 5,205 - Estrecho,Calle Navarra nº 1,0,36.59153195749968
158,Instalación Deportiva Municipal Básica Avenida Moratalaz M-30,"CALLE RAMON ARECES 1 frente Avda. Moratalaz, 13",219 - Marroquina,Calle Camino de los Vinateros nº 108,16,29.72676554787904
159,Instalación Deportiva Municipal Básica Avenida San Luis I,AVENIDA SAN LUIS (frentealnº86),252 - Chamartín,Calle Rodríguez Jaén nº 40,7,18.67675105948001
160,Instalación Deportiva Municipal Básica Avenida de Brasil,AVENIDA BRASIL 19 c/v C/ General Yagüe,155 - San Germán 57,Calle San Germán nº 57,3,5.016144991852343
161,Instalación Deportiva Municipal Básica Ayacucho,CALLE NEVADO DEL RUIZ 2,252 - Chamartín,Calle Rodríguez Jaén nº 40,7,200.33990775607526
162,Instalación Deportiva Municipal Básica Ayerbe,CALLE AYERBE 16,208 - Plaza de Castilla,Paseo de la Castellana nº 216,4,206.86128445528448
163,Instalación Deportiva Municipal Básica Azca,PLAZA PABLO RUIZ PICASSO 1,149 - Paseo de la Habana 42,Paseo de la Habana nº 42,5,43.642619791440666
164,Instalación Deportiva Municipal Básica Bacares (Rocódromo),CALLE BACARES 9,248 - Torre Cepsa,Calle Sinesio Delgado nº 2,11,219.43036068230867
165,Instalación Deportiva Municipal Básica Bacares (fútbol),CALLE BACARES 27,249 - Manuel Caldeiro,Paseo de la Castellana nº 298,11,217.02018410339952
166,Instalación Deportiva Municipal Básica Bahía de Santander II,CALLE BAHIA DE SANTANDER 64,209 - Plaza de Castilla 2,Paseo Castellana (Fundación Canal),9,44.52607832569629
167,Instalación Deportiva Municipal Básica Barceló,PLAZA BARCELO S/N,104 - Castellana,Paseo de la Castellana nº 4,11,0.044795614667236805
168,Instalación Deportiva Municipal Básica Barrio El Querol - Spartac de Manoteras,CALLE TIJOLA 1,217 - Pedro Rico,Calle Pedro Rico nº 4,0,31.742721050977707
169,Instalación Deportiva Municipal Básica Barrio Goya,CALLE SEPULVEDA 9,163 - Paseo de la Esperanza,Paseo de la Esperanza nº 2,0,41.38634213805199
170,Instalación Deportiva Municipal Básica Barrio IV,CALLE LUIS DE HOYOS SAINZ 150,178 - Junta Municipal Retiro,Calle León Gil de Palacio nº 3,7,21.884596042335033
171,Instalación Deportiva Municipal Básica Barrio de Las Cárcavas,CAMINO MONTORO 4,249 - Manuel Caldeiro,Paseo de la Castellana nº 298,11,72.01793172117323
172,Instalación Deportiva Municipal Básica Barrio de Las Cárcavas- Aurora Redondo,CALLE RAFAELA APARICIO 3,249 - Manuel Caldeiro,Paseo de la Castellana nº 298,11,7.782153974287212
173,Instalación Deportiva Municipal Básica Barrio de Santa Ana - Andrés Navarrete,CALLE HOSPITALET DE LLOBREGAT 11,217 - Pedro Rico,Calle Pedro Rico nº 4,0,1495.995209804736
174,Instalación Deportiva Municipal Básica Barrio del Aeropuerto,CALLE MEDINA DE POMAR 14,261 - Facultad Derecho,Avenida Complutense nº 23,8,12.423089040443301
175,Instalación Deportiva Municipal Básica Baterías - Barrio Alegría,"CALLE JUAN PÉREZ ZÚÑIGA s/n Baterías, 2",130 - Santa Engracia 127,Calle Santa Engracia nº 127,10,22.58394676540047
176,Instalación Deportiva Municipal Básica Belzunegui,CALLE BELZUNEGUI  c/v Berrioplana,213 - Glorieta de Cádiz,Calle Antonio López nº 129,18,1566.8624276015908
177,Instalación Deportiva Municipal Básica Bike Park BMX,CALLE MISTRAL 1,252 - Chamartín,Calle Rodríguez Jaén nº 40,7,22.948172360658646
178,Instalación Deportiva Municipal Básica Boston,CALLE BOSTON 1,194 - Avenida de América 2,Calle Francisco Silvela nº 86,3,5.222051079384983
179,Instalación Deportiva Municipal Básica Briviesca,CALLE BRIVIESCA 4,217 - Pedro Rico,Calle Pedro Rico nº 4,0,83.70518324431032
180,Instalación Deportiva Municipal Básica Brujas,CALLE BRUJAS 32 esquina C/ Hacienda de Pavones,171 - Embajadores-Cáceres,Calle Embajadores nº 101,5,33.526136903092265
181,Instalación Deportiva Municipal Básica Brunete,CALLE BRUNETE 1,217 - Pedro Rico,Calle Pedro Rico nº 4,0,3961.5222897594795
182,Instalación Deportiva Municipal Básica Burgo de Osma,CALLE BURGO DE OSMA 5,252 - Chamartín,Calle Rodríguez Jaén nº 40,7,286.8171961270273
183,Instalación Deportiva Municipal Básica Burgos,AVENIDA BURGOS 18B ,248 - Torre Cepsa,Calle Sinesio Delgado nº 2,11,168.5423551471904
184,Instalación Deportiva Municipal Básica C. F. El Pozo,CALLE REGUERA DE TOMATEROS 103,213 - Glorieta de Cádiz,Calle Antonio López nº 129,18,2109.9184560561553
185,Instalación Deportiva Municipal Básica C. F. Nuestra Señora del Buen Camino,GLORIETA RIO ZANCARA 1,152 - General Perón 1,Avenida del General Perón frente al nº 4,0,1.0260861404240131
186,Instalación Deportiva Municipal Básica C.P. Aragón,CALLE ANTONIO MAIRENA 23,222 - Antonio López,Calle Eugenio Caxes frente al nº 12,18,5.66367809381336
187,Instalación Deportiva Municipal Básica Calanda,CALLE CALANDA 30,207 - Remonta,Calle Azucenas nº 1,12,63.13917804788798
188,Instalación Deportiva Municipal Básica Caleruega,CALLE CALERUEGA 52,217 - Pedro Rico,Calle Pedro Rico nº 4,0,1.756887356750667
189,Instalación Deportiva Municipal Básica Camino Viejo de Leganés,CALLE CAMINO VIEJO DE LEGANES S/N Carrero Juan Ramón,213 - Glorieta de Cádiz,Calle Antonio López nº 129,18,865.3960161972791
190,Instalación Deportiva Municipal Básica Campo Azul,CALLE GOLFO DE DARIEN 14,213 - Glorieta de Cádiz,Calle Antonio López nº 129,18,664.327783643268
191,Instalación Deportiva Municipal Básica Campo de Fútbol San Martín de Porres,PASEO ERMITA DEL SANTO S/N Parque de San Isidro,171 - Embajadores-Cáceres,Calle Embajadores nº 101,5,28.82220013346523
192,Instalación Deportiva Municipal Básica Campo de Fútbol Tierra,AVENIDA DOCTOR GARCIA TAPIA 113,73 - Plaza de los Astros,Avenida de Nazaret nº 7,5,10.302998502738774
193,Instalación Deportiva Municipal Básica Campo de fútbol de la A. D. Orcasitas,AVENIDA RAFAELA YBARRA 119,213 - Glorieta de Cádiz,Calle Antonio López nº 129,18,2420.5844298154116
194,Instalación Deportiva Municipal Básica Canal de Panamá,CALLE CANAL DE PANAMA S/N,250 - Serrano 113,Calle Serrano nº 113B,8,8.433265433646739
195,Instalación Deportiva Municipal Básica Canillas - Club Deportivo Canillas,CALLE AGUSTIN DE ITURBIDE 1,208 - Plaza de Castilla,Paseo de la Castellana nº 216,4,242.95086698699743
196,Instalación Deportiva Municipal Básica Carlos II,"CALLE CARLOS II 4 con Austria, 5",113 - Pintor Rosales,Paseo del Pintor Rosales frente al nº 38,23,1.1629062416031957
197,Instalación Deportiva Municipal Básica Carlos Solé,CALLE CARLOS SOLE 19,222 - Antonio López,Calle Eugenio Caxes frente al nº 12,18,39.659515200182796
198,Instalación Deportiva Municipal Básica Carmen Amaya,AVENIDA DOCTOR GARCIA TAPIA 28-30,41 - Antón Martín,Calle Atocha nº 54,13,16.07416256610304
199,Instalación Deportiva Municipal Básica Caronte,CALLE CARONTE 4,175 - Jaime el Conquistador,Calle Jaime el Conquistador nº 30,11,46.782379885204136
200,Instalación Deportiva Municipal Básica Carril del Conde,"CALLE CARRIL DEL CONDE C/V CALLE DEL PUERTO REAL, 7 ",158 - Alberto Alcocer,Avenida de Alberto Alcocer nº 22,13,24.752552804537117
201,Instalación Deportiva Municipal Básica Carrión de los Condes,PLAZA TEMPLARIOS 4,248 - Torre Cepsa,Calle Sinesio Delgado nº 2,11,5.377598196268082
202,Instalación Deportiva Municipal Básica Casa Campo,PARQUE CASA DE CAMPO s/n Explanada de la Casa de Campo,56 - Plaza del Carmen ,Plaza del Carmen nº 1,0,1.6532683307304978
203,Instalación Deportiva Municipal Básica Casa Campo I Lago,PARQUE CASA DE CAMPO s/n Explanada junto al lago,182 - Parque Roma,Calle Alcalde Sáinz de Baranda frente al nº 107,2,0.4013804430142045
204,Instalación Deportiva Municipal Básica Casa Campo II Teleférico,PARQUE CASA DE CAMPO s/n Subida al teleférico-Pza. Casón,102 - Velázquez,Calle Alcalá nº 95,5,6.955078583210707
205,Instalación Deportiva Municipal Básica Casa Campo III,PARQUE CASA CAMPO S/N Paseo Piñoneros - junto a pirámide,54 - Barceló,Calle Barceló nº 7,19,4.8624676913022995
206,Instalación Deportiva Municipal Básica Casa Campo IV,PARQUE CASA CAMPO S/N Junto a la M-30 a la altura del C.D.M. José María Cagigal,192 - Avenida de los Toreros,Avenida de los Toreros nº 3,4,1.59646977763623
207,Instalación Deportiva Municipal Básica Casalarreina,CALLE CASALARREINA 28,224 - Caramuel,Calle Caramuel nº 51,5,17.900628237985075
208,Instalación Deportiva Municipal Básica Casino de la Reina,CALLE CASINO 3,45 - Puerta de Toledo,Glorieta de la Puerta de Toledo nº 1,12,8.800925511866808
209,Instalación Deportiva Municipal Básica Castroserna,CALLE CASTROSERNA 2,225 - Doctor Lozano,Calle Sierra Toledana nº 33,9,3.0590292513370514
210,Instalación Deportiva Municipal Básica Cazorla,CALLE IBROS 3,213 - Glorieta de Cádiz,Calle Antonio López nº 129,18,1459.882910002023
211,Instalación Deportiva Municipal Básica Cementerio Civil,AVENIDA DAROCA 101,23 - Santo Domingo,Plaza de Santo Domingo nº 1,23,14.404952398501337
212,Instalación Deportiva Municipal Básica Cerro Blanco,"CALLE ALBARDIN C/V CALLE CERRO BLANCO, 30 7 c/v Cerro Blanco, 30",213 - Glorieta de Cádiz,Calle Antonio López nº 129,18,1023.3882759874687
213,Instalación Deportiva Municipal Básica Cerro Cabezuelos,CALLE VILLALOBOS 46,213 - Glorieta de Cádiz,Calle Antonio López nº 129,18,1030.27295302134
214,Instalación Deportiva Municipal Básica Cerro Castelo,AVENIDA ALBUFERA 146,177 - Legazpi,Calle Bolívar nº 3,14,31.775624070316553
215,Instalación Deportiva Municipal Básica Cerro Negro,CALLE CERRO NEGRO 5,175 - Jaime el Conquistador,Calle Jaime el Conquistador nº 30,11,47.250124969519675
216,Instalación Deportiva Municipal Básica Circuito Natural Footing Retiro,PARQUE EL RETIRO ,70 - Puerta del Doce de Octubre,Avenida de Menéndez Pelayo nº 63,18,4.234482433646917
217,Instalación Deportiva Municipal Básica Circuito de Bicicletas Enrique Otero,PARQUE CASA DE CAMPO ,224 - Caramuel,Calle Caramuel nº 51,5,11.111898273229599
218,Instalación Deportiva Municipal Básica Circuito de Footing Casa de Campo,PARQUE CASA DE CAMPO ,2 - Miguel Moya,Calle Miguel Moya nº 1,0,15.009905126877129
219,Instalación Deportiva Municipal Básica Ciudad Pegaso I,CALLE UNO S/N,149 - Paseo de la Habana 42,Paseo de la Habana nº 42,5,38.98392420541495
220,Instalación Deportiva Municipal Básica Ciudad Pegaso II,CALLE SEIS S/N,260 - Facultad Biología,Calle José Antonio Novais frente al nº 12,12,0.2446307959035039
221,Instalación Deportiva Municipal Básica Ciudad Pegaso III,CALLE ONCE S/N,146 - María Francisca 1,Calle María Francisca nº 1,3,37.02724409196526
222,Instalación Deportiva Municipal Básica Ciudad de Los Ángeles,CALLE ANOETA S/N Parque ciudad de los Ángeles,213 - Glorieta de Cádiz,Calle Antonio López nº 129,18,4019.7528101140633
223,Instalación Deportiva Municipal Básica Clara del Rey,CALLE CLARA DEL REY 61,132 - Glorieta de los Cuatro Caminos,Calle Santa Engracia nº 168,3,22.367768665775657
224,Instalación Deportiva Municipal Básica Club de Petanca Esperanza de Canilllas,CALLE SILVANO 63 c/v Andorra,156 - Sor Ángela de la Cruz,Calle Sor Ángela de la Cruz nº 2,3,28.977549627423286
225,Instalación Deportiva Municipal Básica Club de Petanca Peonias,CALLE PEONIAS 2,148 - Serrano 210,Calle Serrano nº 210,6,42.07156254258007
226,Instalación Deportiva Municipal Básica Cocheras (Ciudad Lineal),CALLE SAN LAMBERTO s/n,97 - Alcalá,Avenida de Menéndez Pelayo nº 3,7,15.941732046194375
227,Instalación Deportiva Municipal Básica Cocheras (Retiro),CALLE COCHERAS 1,118 - Juan Martín,Calle Juan Martín el Empecinado nº 16,18,11.98055009264499
228,Instalación Deportiva Municipal Básica Colombia,CALLE COLOMBIA 59,155 - San Germán 57,Calle San Germán nº 57,3,53.14249467290938
229,Instalación Deportiva Municipal Básica Colonia Euskalduna,CALLE HERMANDAD DE DONANTES DE SANGRE 7,213 - Glorieta de Cádiz,Calle Antonio López nº 129,18,3827.236402873881
230,Instalación Deportiva Municipal Básica Colonia Marconi,AVENIDA MARCONI s/n,213 - Glorieta de Cádiz,Calle Antonio López nº 129,18,6124.436266189441
231,Instalación Deportiva Municipal Básica Colonia San Cristóbal de Los Ángeles,CALLE ROCAFORT s/n Detrás de E. I. Los Pinos.,213 - Glorieta de Cádiz,Calle Antonio López nº 129,18,5327.880075997673
232,Instalación Deportiva Municipal Básica Colonia Sierra del Valle,CALLE PAYASO FOFO 9,177 - Legazpi,Calle Bolívar nº 3,14,104.52631772309542
233,Instalación Deportiva Municipal Básica Colonia los Taxistas,CALLE SIERRA DE CUERDA LARGA 41,171 - Embajadores-Cáceres,Calle Embajadores nº 101,5,13.122875495813787
234,Instalación Deportiva Municipal Básica Concejal Gabriel Fernández (Parque Cuña Verde),CALLE CUART DE POBLET 6 c/v Duquesa de Parcent,164 - Paseo de las Delicias,Paseo de las Delicias nº 92,7,9.115273747593164
235,Instalación Deportiva Municipal Básica Conde Duque,CALLE SANTA CRUZ DE MARCENADO 21,186 - General Pardiñas,Calle General Pardiñas nº 56,6,16.80124469473958
236,Instalación Deportiva Municipal Básica Condesa de Venadito,CALLE CONDESA DE VENADITO 7,136 - Castellana 106,Paseo de la Castellana nº 106,13,30.13636840507388
237,Instalación Deportiva Municipal Básica Cordel de Pavones,CALLE CORDEL DE PAVONES 11,171 - Embajadores-Cáceres,Calle Embajadores nº 101,5,17.415055142715573
238,Instalación Deportiva Municipal Básica Cordel de Pavones I,CALLE CORDEL DE PAVONES 9,81 - Cuesta de Moyano,Cuesta de Claudio Moyano,9,0.5368150416761637
239,Instalación Deportiva Municipal Básica Corregidor Diego de Valderrábano,CALLE CORREGIDOR DIEGO DE VALDERRABANO 24,81 - Cuesta de Moyano,Cuesta de Claudio Moyano,9,11.994616774842143
240,Instalación Deportiva Municipal Básica Cuevas de Almanzora,CALLE MOJACAR 2,249 - Manuel Caldeiro,Paseo de la Castellana nº 298,11,3.215729742310941
241,Instalación Deportiva Municipal Básica Cuña Verde (Villaamil),CALLE VILLAAMIL C/V CAMINO DEL CHORRILLO 90,208 - Plaza de Castilla,Paseo de la Castellana nº 216,4,34.64917921181768
242,Instalación Deportiva Municipal Básica Cárcavas, Camino de Valdehigueras 46,249 - Manuel Caldeiro,Paseo de la Castellana nº 298,11,3.0132768880575895
243,Instalación Deportiva Municipal Básica Cárcavas Oeste I,CALLE CARMEN RICO GODOY 40,249 - Manuel Caldeiro,Paseo de la Castellana nº 298,11,84.29674863349646
244,Instalación Deportiva Municipal Básica Cárcavas Oeste II,CALLE SAN ANDRES DE RABANEDO 1,217 - Pedro Rico,Calle Pedro Rico nº 4,0,23.596450401470065
245,Instalación Deportiva Municipal Básica Daniel Casero Gómez (antiguo Sangenjo),CALLE SANGENJO 42,217 - Pedro Rico,Calle Pedro Rico nº 4,0,863.5032770810649
246,Instalación Deportiva Municipal Básica David González Rubio - Pradolongo,CALLE DOCTOR TOLOSA LATOUR 14,213 - Glorieta de Cádiz,Calle Antonio López nº 129,18,1352.153679757379
247,Instalación Deportiva Municipal Básica Dehesa del Príncipe,AVENIDA ARQUEROS 29,213 - Glorieta de Cádiz,Calle Antonio López nº 129,18,1086.9134425716475
248,Instalación Deportiva Municipal Básica Diana,CALLE GALEON 25,160 - Colombia,Calle Colombia nº 7,6,3.105435248464346
249,Instalación Deportiva Municipal Básica Doctor Cirajas,CALLE DOCTOR CIRAJAS 3,141 - Paseo de la Castellana - Glorieta de Emilio Castelar,Paseo de la Castellana nº 43,5,0.1732728537172079
250,Instalación Deportiva Municipal Básica Doctor Vallejo-Nájera,CALLE GASOMETRO 32 c/v Vallejo Nájera,225 - Doctor Lozano,Calle Sierra Toledana nº 33,9,16.056955963373184
251,Instalación Deportiva Municipal Básica Drácena,CALLE DRACENA 42,255 - López Pozas,Calle General López Pozas nº 2,5,72.1082444190979
252,Instalación Deportiva Municipal Básica Duque de Sevilla,CALLE DUQUE DE SEVILLA 1,135 - Plaza de San Juan de la Cruz,Plaza de San Juan de la Cruz nº 11,1,7.640636246651411
253,Instalación Deportiva Municipal Básica Echegaray,CALLE ENCOMIENDA DE PALACIOS 324,164 - Paseo de las Delicias,Paseo de las Delicias nº 92,7,6.6724565625190735
254,Instalación Deportiva Municipal Básica El Bosco,CALLE EL BOSCO 14 frente Ramón Pérez de Ayala,169 - Pirámides,Calle Toledo nº 181,5,14.264069283381104
255,Instalación Deportiva Municipal Básica El Bosque,PLAZA GOLMAYO 17,208 - Plaza de Castilla,Paseo de la Castellana nº 216,4,87.56838774774224
256,Instalación Deportiva Municipal Básica El Capricho I,PASEO ALAMEDA DE OSUNA 48,159 - Paseo de la Habana 63,Paseo de la Habana nº 63,11,8.90637510549277
257,Instalación Deportiva Municipal Básica El Cruce,CALLE SANTIAGO AMON 6y8,213 - Glorieta de Cádiz,Calle Antonio López nº 129,18,4453.113190825097
258,Instalación Deportiva Municipal Básica El Espinillo I,CALLE TERTULIA 7,213 - Glorieta de Cádiz,Calle Antonio López nº 129,18,3047.313479984179
259,Instalación Deportiva Municipal Básica El Espinillo III,CALLE UNANIMIDAD 39,213 - Glorieta de Cádiz,Calle Antonio López nº 129,18,3282.6203188076615
260,Instalación Deportiva Municipal Básica El Parque,PASEO COMANDANTE FORTEA 25,184 - Marqués de Zafra,Paseo Marqués de Zafra nº 24,1,11.719995373860002
261,Instalación Deportiva Municipal Básica El Pedernoso - Parque de Villa Rosa - Paco Caño,CALLE PEDROÑERAS (cubierta P.A.R.) 42,208 - Plaza de Castilla,Paseo de la Castellana nº 216,4,99.43305713217705
262,Instalación Deportiva Municipal Básica El Torero,CALLE TORERO C/V CALLE ANTONIO LÓPEZ 10 c/v Antonio López (Parque El Torero),222 - Antonio López,Calle Eugenio Caxes frente al nº 12,18,54.60364249069244
263,Instalación Deportiva Municipal Básica El Vandel,CALLE FLORENCIO CANO CRISTOBAL 9 esq. Pasaje Poveda,43 - Jesús y María,Calle Lavapiés nº 34,10,18.092775844968855
264,Instalación Deportiva Municipal Básica El Yesero,CALLE EL YESERO 1,213 - Glorieta de Cádiz,Calle Antonio López nº 129,18,840.1978283505887
265,Instalación Deportiva Municipal Básica Electra,CALLE CRONOS 65,202 - Parque Santander,Calle Santander esquina con Avenida de Filipinas,3,15.074215430766344
266,Instalación Deportiva Municipal Básica Enrique Tierno Galván,PARQUE ENRIQUE TIERNO GALVAN ,228 - San Delfín,Calle San Delfín nº 9,17,52.38838740065694
267,Instalación Deportiva Municipal Básica Eros,CALLE EROS 6,227 - Concordia,Calle Arroyo del Olivar nº 6,21,33.82712955027819
268,Instalación Deportiva Municipal Básica Esfinge,CALLE ESFINGE 60 c/v Circe,131 - Bravo Murillo 44,Calle Bravo Murillo nº 44,4,50.22271559666842
269,Instalación Deportiva Municipal Básica Esperanza I - Agrupación Deportiva Esperanza,CALLE SILVANO 65,254 - Pío XII,Avenida Pío XII nº 3,17,52.33471916522831
270,Instalación Deportiva Municipal Básica Esperanza II,CALLE SILVANO 61,157 - Castellana 164,Paseo de la Castellana nº 164,14,6.055490856058896
271,Instalación Deportiva Municipal Básica Estanque de las Tormentas,CALLE ARROYO DE POZUELO 6,197 - Parque Berlín,Avenida de Concha Espina nº 34,5,2.3119069822132587
272,Instalación Deportiva Municipal Básica Estefanita,CALLE ESTEFANITA 7 Detrás del CEIP El Greco,213 - Glorieta de Cádiz,Calle Antonio López nº 129,18,4818.909493437037
273,Instalación Deportiva Municipal Básica Estíbaliz,CALLE ESTIBALIZ 30,252 - Chamartín,Calle Rodríguez Jaén nº 40,7,232.14993817731738
274,Instalación Deportiva Municipal Básica Euterpe,CALLE EUTERPE 1,204 - Cuatro Caminos 2,Calle Doctor Santero nº 1,1,18.679406328126788
275,Instalación Deportiva Municipal Básica Eva Duarte,CALLE DOCTOR GOMEZ ULLA 9,109 - Marqués de Salamanca,Calle José Ortega y Gasset nº 30,10,8.222124144434929
276,Instalación Deportiva Municipal Básica Evangelios-Almendrales,CALLE EVANGELIOS 4,213 - Glorieta de Cádiz,Calle Antonio López nº 129,18,633.5879198927432
277,Instalación Deportiva Municipal Básica Fermín Caballero,CALLE FERMIN CABALLERO 88,249 - Manuel Caldeiro,Paseo de la Castellana nº 298,11,3.159218769520521
278,Instalación Deportiva Municipal Básica Francisco Laguna,CALLE FRANCISCO LAGUNA 26,177 - Legazpi,Calle Bolívar nº 3,14,106.89998930320144
279,Instalación Deportiva Municipal Básica Francisco de Goya (antigua Mozart),INST. DEPORTIVA BASICA MOZART ,115 - Ferraz,Calle Evaristo San Miguel nº 2,0,0.5812797741964459
280,Instalación Deportiva Municipal Básica Frontón Orcasitas,AVENIDA RAFAELA YBARRA 103 Parque de Orcasitas,213 - Glorieta de Cádiz,Calle Antonio López nº 129,18,2037.530019971542
281,Instalación Deportiva Municipal Básica Frontón Polideportivo San Fermín,CALLE SAN MAXIMO 10,213 - Glorieta de Cádiz,Calle Antonio López nº 129,18,1430.90627256874
282,Instalación Deportiva Municipal Básica Frontón San Fermín,CAMINO DE PERALES 136 c/v calle de Torrox,213 - Glorieta de Cádiz,Calle Antonio López nº 129,18,2119.9834588784724
283,Instalación Deportiva Municipal Básica Frontón Tudelillas,AVENIDA PABLO IGLESIAS 62,197 - Parque Berlín,Avenida de Concha Espina nº 34,5,11.921264637261629
284,Instalación Deportiva Municipal Básica Frontón Zofio (antiguo Zofío II),CALLE RICARDO BELTRAN Y ROZPIDE 16,213 - Glorieta de Cádiz,Calle Antonio López nº 129,18,1004.5571440719068
285,Instalación Deportiva Municipal Básica Fuente Espina,CALLE FUENTESPINA 29,213 - Glorieta de Cádiz,Calle Antonio López nº 129,18,1077.214495354332
286,Instalación Deportiva Municipal Básica Fuente de Lima,CALLE FUENTE DE LIMA 24,213 - Glorieta de Cádiz,Calle Antonio López nº 129,18,711.6529778810218
287,Instalación Deportiva Municipal Básica Fuerte de Navidad,CALLE FUERTE DE NAVIDAD  c/v La Isabela,213 - Glorieta de Cádiz,Calle Antonio López nº 129,18,874.5499875787646
288,Instalación Deportiva Municipal Básica Félix Rodríguez de la Fuente,CALLE FELIX RODRIGUEZ DE LA FUENTE 3,34 - Jacinto Benavente,Plaza de Jacinto Benavente,21,0.8604841716587543
289,Instalación Deportiva Municipal Básica Galeón,CALLE GALEON 3,238 - San Germán 5,Calle San Germán nº 5,3,31.05718715209514
290,Instalación Deportiva Municipal Básica Garrovillas,PLAZA GARROVILLAS S/N,213 - Glorieta de Cádiz,Calle Antonio López nº 129,18,983.321768517606
291,Instalación Deportiva Municipal Básica General Millán Astray,CALLE GENERAL MILLAN ASTRAY 4,213 - Glorieta de Cádiz,Calle Antonio López nº 129,18,1065.34027386643
292,Instalación Deportiva Municipal Básica Glorieta Avenida San Luis,CALLE Añastro 78,208 - Plaza de Castilla,Paseo de la Castellana nº 216,4,90.48801305890083
293,Instalación Deportiva Municipal Básica Glorieta de Segovia,PASEO Ciudad de Plasencia ,41 - Antón Martín,Calle Atocha nº 54,13,28.444738164544106
294,Instalación Deportiva Municipal Básica Gran Vía de Hortaleza,AVENIDA GRAN VIA DE HORTALEZA 1,209 - Plaza de Castilla 2,Paseo Castellana (Fundación Canal),9,99.10753190331161
295,Instalación Deportiva Municipal Básica Guadalajara,AVENIDA GUADALAJARA S/N,2 - Miguel Moya,Calle Miguel Moya nº 1,0,11.553193750791252
296,Instalación Deportiva Municipal Básica Hermanos Trueba,CALLE HERMANOS TRUEBA 30,213 - Glorieta de Cádiz,Calle Antonio López nº 129,18,362.86835248954594
297,Instalación Deportiva Municipal Básica Hogar del Ferroviario,"AVENIDA MEDITERRANEO S/N Colonia Ferroviarios, frente a Manuel Mª Arrillaga, 51",45 - Puerta de Toledo,Glorieta de la Puerta de Toledo nº 1,12,8.53636891208589
298,Instalación Deportiva Municipal Básica Hornero,CALLE HORNERO 1,213 - Glorieta de Cádiz,Calle Antonio López nº 129,18,81.63961030170321
299,Instalación Deportiva Municipal Básica Huerta de la Salud,CALLE ALCOBENDAS 3,248 - Torre Cepsa,Calle Sinesio Delgado nº 2,11,78.40792578738183
300,Instalación Deportiva Municipal Básica Illescas,CALLE ILLESCAS  c/v Pº Extremadura,164 - Paseo de las Delicias,Paseo de las Delicias nº 92,7,1.6737085673958063
301,Instalación Deportiva Municipal Básica Imagen,CALLE IMAGEN 23,213 - Glorieta de Cádiz,Calle Antonio López nº 129,18,621.9696555584669
302,Instalación Deportiva Municipal Básica Isabel Patacón,CALLE ISABEL PATACON S/N Barrio de Buenavista,213 - Glorieta de Cádiz,Calle Antonio López nº 129,18,2068.415099696256
303,Instalación Deportiva Municipal Básica Isla de Tabarca,CALLE SANTIAGO DE COMPOSTELA 104 c/v Isla de Tabarca,248 - Torre Cepsa,Calle Sinesio Delgado nº 2,11,273.7954083820805
304,Instalación Deportiva Municipal Básica Iván de Vargas,TRAVESIA IVAN DE VARGAS 4,178 - Junta Municipal Retiro,Calle León Gil de Palacio nº 3,7,13.66085312049836
305,Instalación Deportiva Municipal Básica Jacinto Verdaguer,CALLE JACINTO VERDAGUER 17,175 - Jaime el Conquistador,Calle Jaime el Conquistador nº 30,11,73.1786621781066
306,Instalación Deportiva Municipal Básica Jardines Alhambra,CALLE ALHAMBRA  c/v Carlos Fuentes,178 - Junta Municipal Retiro,Calle León Gil de Palacio nº 3,7,1.9329459825530648
307,Instalación Deportiva Municipal Básica Jardines General Fanjul,AVENIDA LAS AGUILAS ,213 - Glorieta de Cádiz,Calle Antonio López nº 129,18,417.6861203983426
308,Instalación Deportiva Municipal Básica Jardines Vía Carpetana,CALLE VIA CARPETANA S/N c/v Laguna,165 - Entrada Matadero,Paseo de la Chopera nº 14,1,39.890027809888124
309,Instalación Deportiva Municipal Básica Jardines de Bucaramanga,AVENIDA BUCARAMANGA 2,252 - Chamartín,Calle Rodríguez Jaén nº 40,7,63.02685462869704
310,Instalación Deportiva Municipal Básica Jardín Campo de la Paloma,INST. DEPORTIVA BASICA JARDIN CAMPO DE LA PALOMA  frente al 36-38,213 - Glorieta de Cádiz,Calle Antonio López nº 129,18,448.4844845701009
311,Instalación Deportiva Municipal Básica Jardín Canarias,CALLE CANARIAS 19,225 - Doctor Lozano,Calle Sierra Toledana nº 33,9,27.074264594353735
312,Instalación Deportiva Municipal Básica Jardín Chico de la Eterna Sonrisa,CALLE LA RIOJA 25,156 - Sor Ángela de la Cruz,Calle Sor Ángela de la Cruz nº 2,3,37.831779102794826
313,Instalación Deportiva Municipal Básica Jardín Papelera Peninsular,CALLE ARGANDA 3,221 - Pavones,Calle Hacienda de Pavones nº 342,16,17.493530040606856
314,Instalación Deportiva Municipal Básica Jardín de Portugalete,CALLE ULISES 23,155 - San Germán 57,Calle San Germán nº 57,3,13.036527168005705
315,Instalación Deportiva Municipal Básica Jazmin,CALLE JAZMIN 36,249 - Manuel Caldeiro,Paseo de la Castellana nº 298,11,84.44180928636342
316,Instalación Deportiva Municipal Básica Jesús Aprendiz,CALLE ANTONIO DIAZ-CAÑABATE 9 c/v Arias Montano,81 - Cuesta de Moyano,Cuesta de Claudio Moyano,9,8.39696509577334
317,Instalación Deportiva Municipal Básica Jesús Divino Obrero,CALLE HUMANES 10,175 - Jaime el Conquistador,Calle Jaime el Conquistador nº 30,11,79.33193911146373
318,Instalación Deportiva Municipal Básica Joaquín Ibarra,CALLE JOAQUIN IBARRA S/N Frente al nº 24,254 - Pío XII,Avenida Pío XII nº 3,17,52.407945905812085
319,Instalación Deportiva Municipal Básica José Durán,AVENIDA PARQUE DE PALOMERAS BAJAS 10,213 - Glorieta de Cádiz,Calle Antonio López nº 129,18,935.7017674408853
320,Instalación Deportiva Municipal Básica José Luis Sánchez Juez (antiguo Los Coronales),CALLE BAHIA DE MALAGA 5,208 - Plaza de Castilla,Paseo de la Castellana nº 216,4,67.92128601111472
321,Instalación Deportiva Municipal Básica José de Cadalso,CALLE JOSE DE CADALSO  C/V General Romero Basart,213 - Glorieta de Cádiz,Calle Antonio López nº 129,18,1240.245381708257
322,Instalación Deportiva Municipal Básica José de Pasamonte,AVENIDA DOCTOR GARCIA TAPIA 51,74 - Puerta del Pacífico ,Avenida de Menéndez Pelayo nº 73,8,14.261548989452422
323,Instalación Deportiva Municipal Básica Juan Clemente Núñez,CALLE JUAN CLEMENTE 1,207 - Remonta,Calle Azucenas nº 1,12,118.52980902045965
324,Instalación Deportiva Municipal Básica Juan de Mariana,CALLE JUAN DE MARIANA 8,212 - Marqués de Vadillo,Glorieta Marqués de Vadillo nº 9,2,26.41477511730045
325,Instalación Deportiva Municipal Básica Juan de Vera,PLAZA CASAR DE CACERES  (Juan de Vera - Batalla de Belchite),175 - Jaime el Conquistador,Calle Jaime el Conquistador nº 30,11,5.616845959797502
326,Instalación Deportiva Municipal Básica Julián González,CALLE JULIAN GONZALEZ 4,226 - Sierra Toledana,Camino de Valderribas nº 94,19,38.948008473962545
327,Instalación Deportiva Municipal Básica La Albufera,AVENIDA ALBUFERA 287 frente al 36-38,213 - Glorieta de Cádiz,Calle Antonio López nº 129,18,172.10967134311795
328,Instalación Deportiva Municipal Básica La Cabrera,CALLE LA CABRERA 33,252 - Chamartín,Calle Rodríguez Jaén nº 40,7,65.69292469136417
329,Instalación Deportiva Municipal Básica La Chimenea,CALLE VALLANDES 5 c/v Hermenegildo Bielsa y Calesas,177 - Legazpi,Calle Bolívar nº 3,14,57.22387028392404
330,Instalación Deportiva Municipal Básica La Chopera,CALLE ESCULTOR PERESEJO 86,205 - Estrecho,Calle Navarra nº 1,0,28.153120201081038
331,Instalación Deportiva Municipal Básica La Diligencia,CALLE DILGENCIA 7 c/v calle Puerto Velate,177 - Legazpi,Calle Bolívar nº 3,14,95.84197982773185
332,Instalación Deportiva Municipal Básica La Mancha,CALLE TOMELLOSO 21 Próximo a la Av. de Córdoba (P.D. Almendral),213 - Glorieta de Cádiz,Calle Antonio López nº 129,18,923.0982395038009
333,Instalación Deportiva Municipal Básica La Masó,CALLE LA MASO 34 c/v Collado de Cerro Malejo,217 - Pedro Rico,Calle Pedro Rico nº 4,0,988.5963535364717
334,Instalación Deportiva Municipal Básica La Perla,CALLE CORINDON 3,213 - Glorieta de Cádiz,Calle Antonio López nº 129,18,2412.5996807357296
335,Instalación Deportiva Municipal Básica Laminador de Tormentas - Valdebebas,calle Antonio Flórez s/n esquina avenida Francisco Javier Sáenz de Oiza ,217 - Pedro Rico,Calle Pedro Rico nº 4,0,884.7729315096512
336,Instalación Deportiva Municipal Básica Las Rosas,AVENIDA NIZA s/n,54 - Barceló,Calle Barceló nº 7,19,11.174590207636356
337,Instalación Deportiva Municipal Básica Las Vistillas,PLAZA GABRIEL MIRO ,41 - Antón Martín,Calle Atocha nº 54,13,28.444738164544106
338,Instalación Deportiva Municipal Básica Lili Alvarez,"CALLE LA RIVIERA 4 c/v calle Provenza, 3 Cañón Río Lobos",48 - Embajadores 2,Glorieta de Embajadores nº 2,18,23.593878491781652
339,Instalación Deportiva Municipal Básica Lonja de la Seda,CALLE LONJA DE LA SEDA 32 Parc. 2.1 del P.A.U. de Carabanchel,213 - Glorieta de Cádiz,Calle Antonio López nº 129,18,2558.580616030842
340,Instalación Deportiva Municipal Básica Los Arbolitos,INST. DEPORTIVA BASICA RONDA SUR ,213 - Glorieta de Cádiz,Calle Antonio López nº 129,18,1608.3355282535776
341,Instalación Deportiva Municipal Básica Los Caprichos,AVENIDA CAPRICHOS 1,48 - Embajadores 2,Glorieta de Embajadores nº 2,18,20.78857070300728
342,Instalación Deportiva Municipal Básica Los Cármenes,CALLE ALHAMBRA 35,174 - Madrid Río-Yeserías,Paseo de Yeserías nº 45,19,2.3689222214743495
343,Instalación Deportiva Municipal Básica Los Llanos,CALLE FLORENCIO CASTILLO 3,206 - Metro Tetuán,Calle Marqués de Viana nº 3,5,17.265675166621804
344,Instalación Deportiva Municipal Básica Los Morales,CALLE MORALES 31 Parc. 3.16.2 del P.A.U. de Carabanchel,213 - Glorieta de Cádiz,Calle Antonio López nº 129,18,3167.11853582412
345,Instalación Deportiva Municipal Básica Los Morales - Patrimonio Humanidad I,CALLE PATRIMONIO DE LA HUMANIDAD 37 Parc. 3.10.4 del P.A.U. de Carabanchel,213 - Glorieta de Cádiz,Calle Antonio López nº 129,18,2988.6154872542247
346,Instalación Deportiva Municipal Básica Los Morales - Patrimonio Humanidad II,"CALLE MORALES  C/ Patrimonio de la Humanidad, 27. Parc. 3.11.3 del P.A.U. de Carabanchel",213 - Glorieta de Cádiz,Calle Antonio López nº 129,18,3202.4740194100887
347,Instalación Deportiva Municipal Básica Los Poblados,AVENIDA POBLADOS  C/V Antig. Carretera a Leganés,213 - Glorieta de Cádiz,Calle Antonio López nº 129,18,1719.3642874537036
348,Instalación Deportiva Municipal Básica Los Rosales I,AVENIDA LOS ROSALES 131,213 - Glorieta de Cádiz,Calle Antonio López nº 129,18,4140.650359738618
349,Instalación Deportiva Municipal Básica Lucano,CALLE LUCANO  c/v Esfinge,128 - Cea Bermúdez,Calle Cea Bermúdez nº 59,4,4.622395804151893
350,Instalación Deportiva Municipal Básica Luis Buitrago,CALLE LUIS BUITRAGO 7,248 - Torre Cepsa,Calle Sinesio Delgado nº 2,11,108.36575857177377
351,Instalación Deportiva Municipal Básica Luis Mitjans,CALLE LUIS MITJANS 15,119 - Méndez Álvaro,Calle Méndez Álvaro nº 11,4,2.875596814788878
352,Instalación Deportiva Municipal Básica Lyon - Flandes,"CALLE LYON 136 (c/v Calle Flandes, 4 posterior)",219 - Marroquina,Calle Camino de los Vinateros nº 108,16,2.6790174413472414
353,Instalación Deportiva Municipal Básica Machupichu,AVENIDA MACHUPICHU 50,206 - Metro Tetuán,Calle Marqués de Viana nº 3,5,17.738471343182027
354,Instalación Deportiva Municipal Básica Madrid - Las Tablas,CALLE FROMISTA 5,217 - Pedro Rico,Calle Pedro Rico nº 4,0,3144.026346365921
355,Instalación Deportiva Municipal Básica Madrid Sur,CALLE PUERTO DE VELATE 18,213 - Glorieta de Cádiz,Calle Antonio López nº 129,18,602.417868770659
356,Instalación Deportiva Municipal Básica Mallorca,CALLE AGASTIA  esq. Juan Pérez de Zúñiga,214 - Condesa de Venadito,Calle Condesa de Venadito nº 2,10,0.48050272837281227
357,Instalación Deportiva Municipal Básica Manizales,CALLE GALAPA 10 c/v Avda. Manizales,248 - Torre Cepsa,Calle Sinesio Delgado nº 2,11,29.609544239006937
358,Instalación Deportiva Municipal Básica Mar de Japón,CALLE MAR DEL JAPON 7,248 - Torre Cepsa,Calle Sinesio Delgado nº 2,11,128.4471614724025
359,Instalación Deportiva Municipal Básica Maracena,CALLE MARACENA 1 c/v Moreja -Orcasur-,213 - Glorieta de Cádiz,Calle Antonio López nº 129,18,2191.041080188006
360,Instalación Deportiva Municipal Básica Maris Stella,CALLE DOCTOR TOLOSA LATOUR 18 Frente C. Informat. S.S.,213 - Glorieta de Cádiz,Calle Antonio López nº 129,18,1483.920424499549
361,Instalación Deportiva Municipal Básica Martala I,CALLE PICO DE LOS ARTILLEROS 5 posterior,224 - Caramuel,Calle Caramuel nº 51,5,25.661527114920318
362,Instalación Deportiva Municipal Básica Maruja Mallo,AVENIDA MARUJA MALLO 7 c/v Conchita Montes,249 - Manuel Caldeiro,Paseo de la Castellana nº 298,11,132.3892793674022
363,Instalación Deportiva Municipal Básica María Inmaculada,CAMINO CRUCES  frente Condesa de Teba,213 - Glorieta de Cádiz,Calle Antonio López nº 129,18,1770.4776403000578
364,Instalación Deportiva Municipal Básica María de Austria,PARQUE EMPERATRIZ MARÍA DE AUSTRIA  Parque Sur,213 - Glorieta de Cádiz,Calle Antonio López nº 129,18,1056.5869190841913
365,Instalación Deportiva Municipal Básica Matilde Gayo,CALLE MATILDE GAYO 4,235 - Embajadores 191,Calle Sodio nº 1B,11,75.66413721628487
366,Instalación Deportiva Municipal Básica Maíz,CALLE RICARDO BELTRAN Y ROZPIDE 28 frente calle Maíz,213 - Glorieta de Cádiz,Calle Antonio López nº 129,18,1507.029300911352
367,Instalación Deportiva Municipal Básica Medio Amposta,CALLE ALBERIQUE  c/v Alconera,186 - General Pardiñas,Calle General Pardiñas nº 56,6,5.318684412166476
368,Instalación Deportiva Municipal Básica Mercedes Arteaga,CALLE MERCEDES ARTEAGA S/N c/v San Pantaleón,165 - Entrada Matadero,Paseo de la Chopera nº 14,1,3.074443847872317
369,Instalación Deportiva Municipal Básica Miguel Aracil,CALLE JOAQUIN LORENZO 39,248 - Torre Cepsa,Calle Sinesio Delgado nº 2,11,12.53377031069249
370,Instalación Deportiva Municipal Básica Miguel Hernández (Parque lineal del Manzanares),AVENIDA MIGUEL HERNANDEZ 48 frente al 36-38,213 - Glorieta de Cádiz,Calle Antonio López nº 129,18,49.13021407369524
371,Instalación Deportiva Municipal Básica Miguel Riesco,CALLE MIGUEL RIESCO 7,207 - Remonta,Calle Azucenas nº 1,12,17.52224192675203
372,Instalación Deportiva Municipal Básica Miguel Riesco - Ramón Power,CALLE MIGUEL RIESCO 1,207 - Remonta,Calle Azucenas nº 1,12,121.73522934596986
373,Instalación Deportiva Municipal Básica Miguel Yuste,CALLE MIGUEL YUSTE  c/v Emilio Muñoz,190 - Velázquez-Diego de León,Calle Velázquez nº 91,3,1.2813341580331326
374,Instalación Deportiva Municipal Básica Minaya,CALLE MINAYA 5,208 - Plaza de Castilla,Paseo de la Castellana nº 216,4,217.6080511873588
375,Instalación Deportiva Municipal Básica Mirador de la Reina (Cerro Minguete),CALLE MIRADOR DE LA REINA 2 c/v Cerro Minguete,217 - Pedro Rico,Calle Pedro Rico nº 4,0,713.1036692000926
376,Instalación Deportiva Municipal Básica Mirasierra,CALLE NURIA 83,217 - Pedro Rico,Calle Pedro Rico nº 4,0,1536.874864352867
377,Instalación Deportiva Municipal Básica Molino,PASEO MOLINO 2,177 - Legazpi,Calle Bolívar nº 3,14,109.6586421104148
378,Instalación Deportiva Municipal Básica Mondariz,PLAZA MONDARIZ 1,249 - Manuel Caldeiro,Paseo de la Castellana nº 298,11,61.92920178826898
379,Instalación Deportiva Municipal Básica Monovar,CALLE MONOVAR 3,248 - Torre Cepsa,Calle Sinesio Delgado nº 2,11,119.65917804185301
380,Instalación Deportiva Municipal Básica Montalbos,CALLE MONTALBOS 14,255 - López Pozas,Calle General López Pozas nº 2,5,91.98682948667556
381,Instalación Deportiva Municipal Básica Montecarmelo,CALLE MONASTERIO DE EL PAULAR 138,217 - Pedro Rico,Calle Pedro Rico nº 4,0,2154.3580738184974
382,Instalación Deportiva Municipal Básica Montecarmelo McDonald´s,AVENIDA MONTECARMELO 1,217 - Pedro Rico,Calle Pedro Rico nº 4,0,2310.3343374207616
383,Instalación Deportiva Municipal Básica Mártires Maristas,AVENIDA MARTIRES MARISTAS 2 c/v Antonio Machado,207 - Remonta,Calle Azucenas nº 1,12,87.71317513752729
384,Instalación Deportiva Municipal Básica Nevado de Cumbal,CALLE NEVADO DEL CUMBAL 4,252 - Chamartín,Calle Rodríguez Jaén nº 40,7,258.259359206073
385,Instalación Deportiva Municipal Básica Nicolasa Gómez,CALLE NICOLASA GOMEZ 1,146 - María Francisca 1,Calle María Francisca nº 1,3,28.69623315706849
386,Instalación Deportiva Municipal Básica Novecento,CALLE NOVECENTO 6,213 - Glorieta de Cádiz,Calle Antonio López nº 129,18,1278.9728538393974
387,Instalación Deportiva Municipal Básica Nuestra Señora de Loreto,CALLE TIMON 16,252 - Chamartín,Calle Rodríguez Jaén nº 40,7,115.32732071727514
388,Instalación Deportiva Municipal Básica Nuestra Señora de la Paloma,CARRERA SAN FRANCISCO 4,39 - Plaza de la Cebada,Plaza de la Cebada nº 16 ,20,8.682287444360554
389,Instalación Deportiva Municipal Básica Nueva Esperanza,CALLE ANOETA 1,213 - Glorieta de Cádiz,Calle Antonio López nº 129,18,4043.863360675052
390,Instalación Deportiva Municipal Básica Ontanilla,AVENIDA LOS POBLADOS  C/V Ontanilla,213 - Glorieta de Cádiz,Calle Antonio López nº 129,18,1607.5595337590203
391,Instalación Deportiva Municipal Básica Orcasur II,AVENIDA ORCASUR 53,213 - Glorieta de Cádiz,Calle Antonio López nº 129,18,2612.1314802821726
392,Instalación Deportiva Municipal Básica Orión-Jupiter,CALLE ORION 52,248 - Torre Cepsa,Calle Sinesio Delgado nº 2,11,211.6041959160939
393,Instalación Deportiva Municipal Básica Oscar y Jesús,CALLE SOLEDAD CAZORLA 22,213 - Glorieta de Cádiz,Calle Antonio López nº 129,18,1491.6994593590498
394,Instalación Deportiva Municipal Básica Oyarzun,PLAZA OYARZUN 1,213 - Glorieta de Cádiz,Calle Antonio López nº 129,18,2299.8685063477606
395,Instalación Deportiva Municipal Básica P.A.R. Antonio López,CALLE ANTONIO LOPEZ 27,175 - Jaime el Conquistador,Calle Jaime el Conquistador nº 30,11,27.86237510945648
396,Instalación Deportiva Municipal Básica P.A.R. Avda. Marqués de Corbera,AVENIDA MARQUES DE CORBERA 62,89 - Conde Peñalver,Calle Ayala nº 102,1,0.8594736149534583
397,Instalación Deportiva Municipal Básica P.A.R. Avenida Rafaela Ybarra,AVENIDA RAFAELA YBARRA 51,213 - Glorieta de Cádiz,Calle Antonio López nº 129,18,925.6022619344294
398,Instalación Deportiva Municipal Básica P.A.R. Manuel Noya,CALLE MANUEL NOYA 2 junto Puente Los Capuchinos,213 - Glorieta de Cádiz,Calle Antonio López nº 129,18,13.501513118855655
399,Instalación Deportiva Municipal Básica P.A.R. Ramón Gómez de la Serna,CALLE RAMON GOMEZ DE LA SERNA 49,217 - Pedro Rico,Calle Pedro Rico nº 4,0,276.3724068803713
400,Instalación Deportiva Municipal Básica Pablo Casals,PASEO ERMITA DEL SANTO 10,41 - Antón Martín,Calle Atocha nº 54,13,1.056041426025331
401,Instalación Deportiva Municipal Básica Padre Claret,CALLE PADRE CLARET 18,149 - Paseo de la Habana 42,Paseo de la Habana nº 42,5,27.12945995107293
402,Instalación Deportiva Municipal Básica Padre Damián,CALLE PADRE DAMIAN 24,239 - Francos Rodríguez,Calle Francos Rodríguez nº 62,3,29.437895965762436
403,Instalación Deportiva Municipal Básica Palomeras Bajas,CALLE PUERTO DE BALBARAN 6,213 - Glorieta de Cádiz,Calle Antonio López nº 129,18,1222.4476195797324
404,Instalación Deportiva Municipal Básica Parque Adelfas,CALLE MARTINEZ CORROCHANO esquina  con calle Luis Mitjans 26,84 - Valderribas,Calle Doctor Esquerdo nº 191,12,2.907353558577597
405,Instalación Deportiva Municipal Básica Parque Alfredo Kraus,CALLE MAR ADRIATICO 7,252 - Chamartín,Calle Rodríguez Jaén nº 40,7,162.68074346147478
406,Instalación Deportiva Municipal Básica Parque Aluche,CALLE VALMOJADO 4,164 - Paseo de las Delicias,Paseo de las Delicias nº 92,7,56.371105833910406
407,Instalación Deportiva Municipal Básica Parque Arroyo Fresno,AVENIDA VENTISQUERO DE LA CONDESA 43,217 - Pedro Rico,Calle Pedro Rico nº 4,0,1308.7798714339733
408,Instalación Deportiva Municipal Básica Parque Arroyo Pozuelo I,CALLE ARROYO DE POZUELO 10,197 - Parque Berlín,Avenida de Concha Espina nº 34,5,9.21608625445515
409,Instalación Deportiva Municipal Básica Parque Boadilla,CARRETERA BOADILLA DEL MONTE 1,226 - Sierra Toledana,Camino de Valderribas nº 94,19,21.639785336330533
410,Instalación Deportiva Municipal Básica Parque Breogán,AVENIDA BRASILIA 2,229 - C.D. Concepción,Calle Jose del Hierro nº 5,19,1.0977149475365877
411,Instalación Deportiva Municipal Básica Parque Calle Onil,CALLE NAVIA 12 c/v Luis Chamizo,213 - Glorieta de Cádiz,Calle Antonio López nº 129,18,317.0935030570254
412,Instalación Deportiva Municipal Básica Parque Caramuel,CALLE SEPULVEDA s/n,77 - Conde de Casal,Plaza del Conde de Casal nº 8,2,12.309717435389757
413,Instalación Deportiva Municipal Básica Parque Cedral,"CALLE RODRIGUEZ ILLANES S/N esq. Arturo Soria, 233",207 - Remonta,Calle Azucenas nº 1,12,16.113338856957853
414,Instalación Deportiva Municipal Básica Parque Cerro Almodovar,PARQUE CERRO ALMODOVAR ,228 - San Delfín,Calle San Delfín nº 9,17,55.67172823473811
415,Instalación Deportiva Municipal Básica Parque Cerro Almodóvar,CALLE CERRO DE ALMODOVAR 9,213 - Glorieta de Cádiz,Calle Antonio López nº 129,18,808.3797150002792
416,Instalación Deportiva Municipal Básica Parque Cuña Verde,AVENIDA DAROCA 300,44 - Plaza de Nelson Mandela,Calle Mesón de Paredes nº 35,5,7.6145985294133425
417,Instalación Deportiva Municipal Básica Parque Darwin,AVENIDA MORATALAZ 93,77 - Conde de Casal,Plaza del Conde de Casal nº 8,2,1.5283611472696066
418,Instalación Deportiva Municipal Básica Parque Deportivo Doctor García Tapia 1,CALLE CARMEN AMAYA 3 Posterior,41 - Antón Martín,Calle Atocha nº 54,13,4.318735119886696
419,Instalación Deportiva Municipal Básica Parque Deportivo Doctor García Tapia 2,CALLE CARMEN AMAYA 1 posterior,41 - Antón Martín,Calle Atocha nº 54,13,4.452848470769823
420,Instalación Deportiva Municipal Básica Parque Doña Guiomar II,CARRETERA ESTACION DE HORTALEZA 7,248 - Torre Cepsa,Calle Sinesio Delgado nº 2,11,183.96222065854818
421,Instalación Deportiva Municipal Básica Parque Doña Guiomar III,CALLE MONÓVAR 4,248 - Torre Cepsa,Calle Sinesio Delgado nº 2,11,234.23411563411355
422,Instalación Deportiva Municipal Básica Parque El Calero,CALLE VIRGEN DE NURIA S/N,245 - Galileo,Calle Galileo nº 63,13,12.615618338808417
423,Instalación Deportiva Municipal Básica Parque Estafeta,CALLE ESTAFETA 4,213 - Glorieta de Cádiz,Calle Antonio López nº 129,18,1662.1941558411345
424,Instalación Deportiva Municipal Básica Parque Eugenia de Montijo,CALLE PARQUE EUGENIA DE MONTIJO S/N,213 - Glorieta de Cádiz,Calle Antonio López nº 129,18,1188.7858068738133
425,Instalación Deportiva Municipal Básica Parque Gabriela Mistral,CALLE ROSALIA DE CASTRO 69,217 - Pedro Rico,Calle Pedro Rico nº 4,0,376.4293674621731
426,Instalación Deportiva Municipal Básica Parque General García Escámez,CALLE ANSELMO LORENZO  Jardines Gral. García Escámez,213 - Glorieta de Cádiz,Calle Antonio López nº 129,18,692.44956211932
427,Instalación Deportiva Municipal Básica Parque Huerta de la Salud,CALLE MAR DE LAS ANTILLAS 10,248 - Torre Cepsa,Calle Sinesio Delgado nº 2,11,152.73315451294184
428,Instalación Deportiva Municipal Básica Parque Huerta del Obispo,CALLE JUAN PEÑALVER 34 c/v CALLE PALOMARES,213 - Glorieta de Cádiz,Calle Antonio López nº 129,18,4734.299622938968
429,Instalación Deportiva Municipal Básica Parque Juan Pablo II (pádel),AVENIDA PICEAS 13,160 - Colombia,Calle Colombia nº 7,6,9.530086071230471
430,Instalación Deportiva Municipal Básica Parque Juan Pablo II (rugby),AVENIDA PICEAS 13,160 - Colombia,Calle Colombia nº 7,6,9.530086071230471
431,Instalación Deportiva Municipal Básica Parque La Viña,CALLE CONCEJO DE TEVERGA 2,213 - Glorieta de Cádiz,Calle Antonio López nº 129,18,281.7743416847661
432,Instalación Deportiva Municipal Básica Parque Luis Buñuel,CALLE LUIS BUÑUEL 12,213 - Glorieta de Cádiz,Calle Antonio López nº 129,18,244.9160469546914
433,Instalación Deportiva Municipal Básica Parque Madrid Sur - La Diligencia,CALLE LA DILIGENCIA 5 Parque Madrid Sur,213 - Glorieta de Cádiz,Calle Antonio López nº 129,18,629.7841315418482
434,Instalación Deportiva Municipal Básica Parque Manoteras - Vélez Rubio,CALLE BACARES 20,248 - Torre Cepsa,Calle Sinesio Delgado nº 2,11,226.49661811068654
435,Instalación Deportiva Municipal Básica Parque Manuel Azaña,CALLE JAZMÍN 51,144 - Juan Bravo 50,Calle Juan Bravo nº 50,6,14.261574320495129
436,Instalación Deportiva Municipal Básica Parque Marchamalo,CALLE MARCHAMALO 15,175 - Jaime el Conquistador,Calle Jaime el Conquistador nº 30,11,11.57936137728393
437,Instalación Deportiva Municipal Básica Parque Martala I,CALLE PICO DE LOS ARTILLEROS 5,224 - Caramuel,Calle Caramuel nº 51,5,25.661527114920318
438,Instalación Deportiva Municipal Básica Parque Martala II,CALLE PICO DE LOS ARTILLEROS 21,223 - Ermita Santo,Paseo de la Ermita del Santo nº 48,5,7.1323832757771015
439,Instalación Deportiva Municipal Básica Parque Mujeres de Orcasitas,RONDA COOPERATIVAS 6,213 - Glorieta de Cádiz,Calle Antonio López nº 129,18,2404.4737990815192
440,Instalación Deportiva Municipal Básica Parque Norte,CALLE Arzobispo Morcillo 9 c/v Frómista,217 - Pedro Rico,Calle Pedro Rico nº 4,0,2543.57044045534
441,Instalación Deportiva Municipal Básica Parque Olof Palme,CALLE CERECINOS 4 Parque Olof Palme,213 - Glorieta de Cádiz,Calle Antonio López nº 129,18,446.9956144345924
442,Instalación Deportiva Municipal Básica Parque Plata y Castañar,PASEO LOS FERROVIARIOS s/n,213 - Glorieta de Cádiz,Calle Antonio López nº 129,18,4483.028684137389
443,Instalación Deportiva Municipal Básica Parque Pradolongo 1,AVENIDA DE LOS POBLADOS (PARQUE PRADOLONGO) 165,213 - Glorieta de Cádiz,Calle Antonio López nº 129,18,1788.603287764825
444,Instalación Deportiva Municipal Básica Parque Pradolongo 2,AVENIDA DE LOS POBLADOS (PARQUE PRADOLONGO) 165,213 - Glorieta de Cádiz,Calle Antonio López nº 129,18,1788.603287764825
445,Instalación Deportiva Municipal Básica Parque Rafael Finat,CALLE DAMASQUILLO 1,213 - Glorieta de Cádiz,Calle Antonio López nº 129,18,664.2153199315071
446,Instalación Deportiva Municipal Básica Parque San Blas,"CALLE ALBAIDA S/N Avda. Arcentales, Alberique y Ajofrín",88 - Embajada de Italia,Calle Velázquez nº 75,0,13.584090854972601
447,Instalación Deportiva Municipal Básica Parque San Luciano,CALLE SAN LUCIANO 12,213 - Glorieta de Cádiz,Calle Antonio López nº 129,18,2905.3160301828757
448,Instalación Deportiva Municipal Básica Parque Santa Adela,CALLE SANTA ADELA 14,249 - Manuel Caldeiro,Paseo de la Castellana nº 298,11,29.41081070713699
449,Instalación Deportiva Municipal Básica Parque Sector Surbatán,CALLE SEPULVEDA C.V. A CALLE CEBREROS 206,168 - Batalla del Salado,Paseo Santa María de la Cabeza nº 29,13,11.421653277240694
450,Instalación Deportiva Municipal Básica Parque Supermanzana 7,CALLE FERMIN CABALLERO 25,217 - Pedro Rico,Calle Pedro Rico nº 4,0,489.1565453913063
451,Instalación Deportiva Municipal Básica Parque Tanatorio (Salvador Madariaga),CALLE SALVADOR DE MADARIAGA ,195 - Avenida de América 1,Calle Padre Indalecio Hernández nº 1,2,18.41047298256308
452,Instalación Deportiva Municipal Básica Parque Z,CALLE MARROQUINA 88 posterior - Parque de Moratalaz,43 - Jesús y María,Calle Lavapiés nº 34,10,13.933660449460149
453,Instalación Deportiva Municipal Básica Parque de Atenas,PASEO VIRGEN DEL PUERTO 3,25a - Plaza de Celenque A,Plaza de Celenque nº 1,0,27.624086036346853
454,Instalación Deportiva Municipal Básica Parque de Berlín,CALLE MARCENADO 51,149 - Paseo de la Habana 42,Paseo de la Habana nº 42,5,1.6150579806417227
455,Instalación Deportiva Municipal Básica Parque de Comillas,CALLE ANTONIO DE LEYVA 35,165 - Entrada Matadero,Paseo de la Chopera nº 14,1,22.876538232900202
456,Instalación Deportiva Municipal Básica Parque de Entrevías - Patinaje,RONDA SUR 221,213 - Glorieta de Cádiz,Calle Antonio López nº 129,18,1800.0815447205678
457,Instalación Deportiva Municipal Básica Parque de Entrevías - Petanca,RONDA SUR 53,213 - Glorieta de Cádiz,Calle Antonio López nº 129,18,853.4114451352507
458,Instalación Deportiva Municipal Básica Parque de Roma I,CALLE JUAN ESPLANDIU 4,71 - Doce de Octubre,Calle Doce de Octubre nº 28,5,9.631780495867133
459,Instalación Deportiva Municipal Básica Parque de Roma III,CALLE ALCALDE SAINZ DE BARANDA 90,30 - San Quintín,Calle Pavía nº 6,16,12.425426330417395
460,Instalación Deportiva Municipal Básica Parque de San Isidro - Gorrión,CALLE GORRION 36,175 - Jaime el Conquistador,Calle Jaime el Conquistador nº 30,11,9.194132470525801
461,Instalación Deportiva Municipal Básica Parque de San Isidro - Vicente Quesada,CALLE VICENTE QUESADA Parque de San Isidro,164 - Paseo de las Delicias,Paseo de las Delicias nº 92,7,40.07627430930734
462,Instalación Deportiva Municipal Básica Parque de Skateboard Ignacio Echeverría,PASEO CHOPERA 4,227 - Concordia,Calle Arroyo del Olivar nº 6,21,49.202600286342204
463,Instalación Deportiva Municipal Básica Parque de Villa Rosa,CALLE EL PEDERNOSO 19,208 - Plaza de Castilla,Paseo de la Castellana nº 216,4,24.880034482106566
464,Instalación Deportiva Municipal Básica Parque de la Alcazaba,AVENIDA EL FERROL 1,248 - Torre Cepsa,Calle Sinesio Delgado nº 2,11,5.040058604441583
465,Instalación Deportiva Municipal Básica Parque de la Arganzuela,PASEO YESERIAS 10,164 - Paseo de las Delicias,Paseo de las Delicias nº 92,7,31.118215060792863
466,Instalación Deportiva Municipal Básica Parque de la Cornisa,CALLE ROSARIO 5,44 - Plaza de Nelson Mandela,Calle Mesón de Paredes nº 35,5,14.46310918405652
467,Instalación Deportiva Municipal Básica Parque de la Ventilla,CALLE VIA LIMITE 101,248 - Torre Cepsa,Calle Sinesio Delgado nº 2,11,99.92186955735087
468,Instalación Deportiva Municipal Básica Parque de la Vicalvarada (centro deportivo),CALLE VEREDA DEL PINAR 1,37 - Plaza de San Francisco,Plaza de San Francisco nº 5,10,0.7214660020545125
469,Instalación Deportiva Municipal Básica Parque de las Cruces,AVENIDA POBLADOS S/N,213 - Glorieta de Cádiz,Calle Antonio López nº 129,18,1330.7407429274172
470,Instalación Deportiva Municipal Básica Parque de las Cruces I,CALLE ROMPEDIZO 15,213 - Glorieta de Cádiz,Calle Antonio López nº 129,18,1307.0266284551471
471,Instalación Deportiva Municipal Básica Parque de las Cruces II,CALLE VIDAUBA 3,213 - Glorieta de Cádiz,Calle Antonio López nº 129,18,697.9055266836658
472,Instalación Deportiva Municipal Básica Parque del Oeste,PASEO CAMOENS S/N,109 - Marqués de Salamanca,Calle José Ortega y Gasset nº 30,10,4.918977855704725
473,Instalación Deportiva Municipal Básica Parque la Milanera (La Coma),CALLE RAMON GOMEZ DE LA SERNA 22,217 - Pedro Rico,Calle Pedro Rico nº 4,0,390.66713876463473
474,Instalación Deportiva Municipal Básica Paseo del Polideportivo,CALLE VIVERO DE LA PILARICA 3,219 - Marroquina,Calle Camino de los Vinateros nº 108,16,25.415674512274563
475,Instalación Deportiva Municipal Básica Patinaje Parque Lineal Palomeras,AVENIDA MIGUEL HERNANDEZ 9,213 - Glorieta de Cádiz,Calle Antonio López nº 129,18,179.85987025219947
476,Instalación Deportiva Municipal Básica Patrimonio Humanidad,CALLE PATRIMONIO DE LA HUMANIDAD  Frente al número 15. Parc. 3.12.3 del P.A.U. de Carabanchel,213 - Glorieta de Cádiz,Calle Antonio López nº 129,18,3077.861951735802
477,Instalación Deportiva Municipal Básica Pedro Escudero,CALLE PEDRO ESCUDERO 28,213 - Glorieta de Cádiz,Calle Antonio López nº 129,18,140.4253279287368
478,Instalación Deportiva Municipal Básica Peonías - José Miguel Vicens,CALLE PEONIAS 2,148 - Serrano 210,Calle Serrano nº 210,6,43.17109169624746
479,Instalación Deportiva Municipal Básica Piedrahíta,"CALLE PIEDRAHITA  c/v Real Madrid, 36",213 - Glorieta de Cádiz,Calle Antonio López nº 129,18,1400.2725284388289
480,Instalación Deportiva Municipal Básica Pinar de la Elipa,CALLE JOSE LUIS DE ARRESE S/N,23 - Santo Domingo,Plaza de Santo Domingo nº 1,23,16.03366793040186
481,Instalación Deportiva Municipal Básica Pinos de Osuna,CALLE PINOS DE OSUNA 1,148 - Serrano 210,Calle Serrano nº 210,6,38.03197383135557
482,Instalación Deportiva Municipal Básica Pirineos,CALLE PIRINEOS S/N frente a Francisco de Diego,155 - San Germán 57,Calle San Germán nº 57,3,40.83518998324871
483,Instalación Deportiva Municipal Básica Pista Deportiva P.A.R. La Alcazaba,INST. DEPORTIVA BASICA SINESIO DELGADO 26,255 - López Pozas,Calle General López Pozas nº 2,5,89.90848963987082
484,Instalación Deportiva Municipal Básica Pista Deportiva Palas del Rey,CALLE PALAS DE REY s/n c/v Frómista,217 - Pedro Rico,Calle Pedro Rico nº 4,0,2543.57044045534
485,Instalación Deportiva Municipal Básica Pista Deportiva Parque Miguel Aracil,CALLE JOAQUIN LORENZO 39,248 - Torre Cepsa,Calle Sinesio Delgado nº 2,11,13.544837295077741
486,Instalación Deportiva Municipal Básica Pista Deportiva Parque de Begoña,AVENIDA LLANO CASTELLANO 1,217 - Pedro Rico,Calle Pedro Rico nº 4,0,312.7582069961354
487,Instalación Deportiva Municipal Básica Pista P.A.R. Moralzarzal,CALLE MORALZARZAL 88,217 - Pedro Rico,Calle Pedro Rico nº 4,0,1436.1437293943018
488,Instalación Deportiva Municipal Básica Pista de Patinaje Anfevi,CALLE HACIENDA DE PAVONES 127,162 - Metro Pirámides,Paseo de los Olmos nº 28,9,3.4002591986209154
489,Instalación Deportiva Municipal Básica Pista de Patinaje Avenida Niza,AVENIDA NIZA s/n c/v Travesía de Carlos II,54 - Barceló,Calle Barceló nº 7,19,11.174590207636356
490,Instalación Deportiva Municipal Básica Pista de Petanca Centro de Mayores La Vaguada,AVENIDA MONFORTE DE LEMOS 36,249 - Manuel Caldeiro,Paseo de la Castellana nº 298,11,68.17388463020325
491,Instalación Deportiva Municipal Básica Pista de Petanca Parque Fuencarral,CALLE AFUERAS A VALVERDE 2,217 - Pedro Rico,Calle Pedro Rico nº 4,0,1985.719147962518
492,Instalación Deportiva Municipal Básica Pista de Petanca de Islas Jarvi,CALLE CASTIELLO DE JACA 3,217 - Pedro Rico,Calle Pedro Rico nº 4,0,2162.9236677158624
493,Instalación Deportiva Municipal Básica Pista de Skate,CALLE CAPITAN BLANCO ARGIBAY S/N,252 - Chamartín,Calle Rodríguez Jaén nº 40,7,274.1123528117314
494,Instalación Deportiva Municipal Básica Pistas de Petanca Dehesa de la Villa,CALLE FRANCOS RODRIGUEZ 1,159 - Paseo de la Habana 63,Paseo de la Habana nº 63,11,6.977985864505172
495,Instalación Deportiva Municipal Básica Plan Parcial,CALLE PLAN PARCIAL 3,213 - Glorieta de Cádiz,Calle Antonio López nº 129,18,1942.4055210826918
496,Instalación Deportiva Municipal Básica Playa de Bolnuevo,CALLE PLAYA DE BOLNUEVO 1,248 - Torre Cepsa,Calle Sinesio Delgado nº 2,11,52.48870232142508
497,Instalación Deportiva Municipal Básica Plaza Arturo Barea,PLAZA Arturo Barea ,41 - Antón Martín,Calle Atocha nº 54,13,28.444738164544106
498,Instalación Deportiva Municipal Básica Plaza Colonia Oroquieta,CARRETERA ANDALUCIA S/N C/V CARRETERA VILLAVERDE A VALLECAS,213 - Glorieta de Cádiz,Calle Antonio López nº 129,18,4046.9634908428416
499,Instalación Deportiva Municipal Básica Plaza Fonsagrada,PLAZA FONSAGRADA 6,249 - Manuel Caldeiro,Paseo de la Castellana nº 298,11,235.54666842427105
500,Instalación Deportiva Municipal Básica Plaza Munguía,PLAZA MUNGUIA 1 Poblado dirigido Orcasitas,213 - Glorieta de Cádiz,Calle Antonio López nº 129,18,1971.6828728439286
501,Instalación Deportiva Municipal Básica Plaza Vallandes,CALLE CALESAS 4,177 - Legazpi,Calle Bolívar nº 3,14,38.76952627580613
502,Instalación Deportiva Municipal Básica Plaza de Arteijo,PLAZA ARTEIJO 10,249 - Manuel Caldeiro,Paseo de la Castellana nº 298,11,205.6309651331976
503,Instalación Deportiva Municipal Básica Plaza de Bami - Benidorm,CALLE JOSE VILLENA  esq. Benidorm - Plaza de Bami,124 - Manuel Silvela,Calle Manuel Silvela nº 20,18,9.646812514401972
504,Instalación Deportiva Municipal Básica Plaza de María Soledad Torres Acosta,PLAZA María Soledad Torres Acosta ,41 - Antón Martín,Calle Atocha nº 54,13,28.444738164544106
505,Instalación Deportiva Municipal Básica Plaza de Sestao,PLAZA SESTAO 1,213 - Glorieta de Cádiz,Calle Antonio López nº 129,18,2105.474902282469
506,Instalación Deportiva Municipal Básica Plaza de la Orotava,PLAZA LA OROTAVA 1,192 - Avenida de los Toreros,Avenida de los Toreros nº 3,4,1.7250189613550901
507,Instalación Deportiva Municipal Básica Plaza del Campillo de Mundo Nuevo,PLAZA Campillo del Mundo Nuevo ,41 - Antón Martín,Calle Atocha nº 54,13,28.444738164544106
508,Instalación Deportiva Municipal Básica Pobladura del Valle,CALLE POBLADURA DEL VALLE s/n c/v Amposta,100 - Palacio de Deportes,Calle Goya nº 99,21,4.334202898666263
509,Instalación Deportiva Municipal Básica Poeta Esteban Villegas,CALLE POETA ESTEBAN DE VILLEGAS 4,82 - Niño Jesús,Calle Doctor Esquerdo nº 161,6,32.82946490589529
510,Instalación Deportiva Municipal Básica Polígono 20 - Padre Claret,CALLE PADRE CLARET 18,149 - Paseo de la Habana 42,Paseo de la Habana nº 42,5,27.12945995107293
511,Instalación Deportiva Municipal Básica Polígono de las Rosas,CALLE HELSINKI 8 c/v Oslo,184 - Marqués de Zafra,Paseo Marqués de Zafra nº 24,1,15.24951196089387
512,Instalación Deportiva Municipal Básica Polígono de África,CALLE VILLAESCUSA 56,23 - Santo Domingo,Plaza de Santo Domingo nº 1,23,5.516671714372933
513,Instalación Deportiva Municipal Básica Pradillo,CALLE PRADILLO 23,151 - Orense 12,Calle Orense nº 12,1,18.941436209715903
514,Instalación Deportiva Municipal Básica Pueblo Nuevo II,CALLE ASCAO  esq. Luis Ruiz,124 - Manuel Silvela,Calle Manuel Silvela nº 20,18,3.3656594874337316
515,Instalación Deportiva Municipal Básica Puente Ventas,CALLE VIRGEN DE LA PAZ 7 y 9,144 - Juan Bravo 50,Calle Juan Bravo nº 50,6,14.261574320495129
516,Instalación Deportiva Municipal Básica Puerto Balbarán,CALLE PUERTO DE BALBARAN 4,213 - Glorieta de Cádiz,Calle Antonio López nº 129,18,1175.148951837793
517,Instalación Deportiva Municipal Básica Puerto Corlite,CALLE PUERTO DE CORLITE 7,213 - Glorieta de Cádiz,Calle Antonio López nº 129,18,299.08322398830205
518,Instalación Deportiva Municipal Básica Puerto Lumbreras,CALLE PUERTO DE LUMBRERAS,213 - Glorieta de Cádiz,Calle Antonio López nº 129,18,846.2078129546717
519,Instalación Deportiva Municipal Básica Puerto Monasterio (cubierta de P.A.R.),CALLE PUERTO DEL MONASTERIO 17,228 - San Delfín,Calle San Delfín nº 9,17,6.689534451812506
520,Instalación Deportiva Municipal Básica Puerto Rico,CALLE PUERTO RICO 54 c/v Guatemala,157 - Castellana 164,Paseo de la Castellana nº 164,14,1.0488611403852701
521,Instalación Deportiva Municipal Básica Puerto Rico - C.D. Alzola,CALLE GAINZA 20,213 - Glorieta de Cádiz,Calle Antonio López nº 129,18,2208.8503174390644
522,Instalación Deportiva Municipal Básica Puerto Velate,CALLE PUERTO DE VELATE 9,213 - Glorieta de Cádiz,Calle Antonio López nº 129,18,567.4053722722456
523,Instalación Deportiva Municipal Básica Puerto Velate Tenis (Club de Tenis Vallecas),CALLE PUERTO DE VELATE 18,213 - Glorieta de Cádiz,Calle Antonio López nº 129,18,601.3935517007485
524,Instalación Deportiva Municipal Básica Puerto de Béjar,CALLE PUERTO DE BEJAR 7,213 - Glorieta de Cádiz,Calle Antonio López nº 129,18,72.81306362338364
525,Instalación Deportiva Municipal Básica Puerto de Costabona,CALLE PUERTO DE COSTABONA 7,213 - Glorieta de Cádiz,Calle Antonio López nº 129,18,400.8384185731411
526,Instalación Deportiva Municipal Básica Pádel - Madrid Las Tablas,AVENIDA CAMINO DE SANTIAGO 25,217 - Pedro Rico,Calle Pedro Rico nº 4,0,2408.529757754877
527,Instalación Deportiva Municipal Básica Quinta de Los Molinos I,"CALLE ALCALA 535,c/vAvenida25Septiembre",203 - San Francisco de Sales,Calle General Ampudia nº 2,8,0.017036421224474907
528,Instalación Deportiva Municipal Básica Quinta de Los Molinos II,"CALLE IQUITOS 1c/vcalleAlcalá,535",250 - Serrano 113,Calle Serrano nº 113B,8,55.2405048776418
529,Instalación Deportiva Municipal Básica Ramírez de Prado,CALLE RAMIREZ DE PRADO 2,226 - Sierra Toledana,Camino de Valderribas nº 94,19,33.48888207320124
530,Instalación Deportiva Municipal Básica Ramón Gómez de la Serna,CALLE RAMON GOMEZ DE LA SERNA 22 c/v Valle de Pinares Llanos y Riscos de Polanco,217 - Pedro Rico,Calle Pedro Rico nº 4,0,390.66713876463473
531,Instalación Deportiva Municipal Básica Ramón Pérez de Ayala,CALLE RAMON PEREZ DE AYALA 80,171 - Embajadores-Cáceres,Calle Embajadores nº 101,5,20.225945531390607
532,Instalación Deportiva Municipal Básica Rancho del Cordobés,CALLE PINSAPO 3,213 - Glorieta de Cádiz,Calle Antonio López nº 129,18,2317.218393909745
533,Instalación Deportiva Municipal Básica Recinto Ferial San Antonio de la Florida,GLORIETA SAN ANTONIO DE LA FLORIDA S/N en el Recinto Ferial,115 - Ferraz,Calle Evaristo San Miguel nº 2,0,1.1320268856361508
534,Instalación Deportiva Municipal Básica Ricardo Damas,CALLE RICARDO DAMAS 4,213 - Glorieta de Cádiz,Calle Antonio López nº 129,18,421.3355842176825
535,Instalación Deportiva Municipal Básica Rodríguez Sahagún (Campo de Fútbol),PASEO DIRECCION 302,252 - Chamartín,Calle Rodríguez Jaén nº 40,7,260.7387908687815
536,Instalación Deportiva Municipal Básica Rodríguez Sahagún I (Capitán Blanco Argibay),CALLE CAPITAN BLANCO ARGIBAY 173,252 - Chamartín,Calle Rodríguez Jaén nº 40,7,183.21272436436266
537,Instalación Deportiva Municipal Básica Rodríguez Sahagún II (Los Pinos),CALLE SINESIO DELGADO 30,248 - Torre Cepsa,Calle Sinesio Delgado nº 2,11,31.78652474656701
538,Instalación Deportiva Municipal Básica Ronda Sur,RONDA SUR 231 c/v Barros,213 - Glorieta de Cádiz,Calle Antonio López nº 129,18,1706.1884817108512
539,Instalación Deportiva Municipal Básica Rosa Jardón,CALLE ROSA JARDON 11,209 - Plaza de Castilla 2,Paseo Castellana (Fundación Canal),9,22.754565422423184
540,Instalación Deportiva Municipal Básica San Anselmo,CALLE SAN ANSELMO 8,213 - Glorieta de Cádiz,Calle Antonio López nº 129,18,361.757327769883
541,Instalación Deportiva Municipal Básica San Aureliano,CALLE SAN AURELIANO s/n,213 - Glorieta de Cádiz,Calle Antonio López nº 129,18,5165.0654168576
542,Instalación Deportiva Municipal Básica San Benigno,CALLE SAN BENIGNO 3,47 - Embajadores 1,Glorieta de Embajadores nº 6,10,12.718882644549012
543,Instalación Deportiva Municipal Básica San Cristóbal de Los Ángeles II,CALLE GODELLA 48,213 - Glorieta de Cádiz,Calle Antonio López nº 129,18,5061.629025704227
544,Instalación Deportiva Municipal Básica San Cristóbal de Los Ángeles III,CALLE MONCADA 123,213 - Glorieta de Cádiz,Calle Antonio López nº 129,18,5485.942909347825
545,Instalación Deportiva Municipal Básica San Juan Bautista - Cidamón,CALLE AGASTIA  esq. Cidamón,237 - Pablo Iglesias,Calle Francisco Balseiro nº 1,1,3.1604631347581744
546,Instalación Deportiva Municipal Básica San Lamberto,CALLE SAN LAMBERTO 20 P.A.R.,107 - Columela,Calle Serrano nº 8,10,1.5931333173066378
547,Instalación Deportiva Municipal Básica San Pascual,CALLE ESTEBAN MORA S/N esq. Derechos Humanos,129 - José Abascal,Calle José Abascal nº 33,8,2.0535950427874923
548,Instalación Deportiva Municipal Básica San Pol,CALLE SAN POL DE MAR 7,116a - Plaza de España A,Calle Princesa nº 5,0,5.63051678892225
549,Instalación Deportiva Municipal Básica Sanchinarro I,CALLE INFANTA CATALINA MICAELA 33,217 - Pedro Rico,Calle Pedro Rico nº 4,0,910.4451775560156
550,Instalación Deportiva Municipal Básica Sanchinarro II,CALLE INFANTA CATALINA MICAELA 23,217 - Pedro Rico,Calle Pedro Rico nº 4,0,610.9455056814477
551,Instalación Deportiva Municipal Básica Sanchinarro III,CALLE MARIA TUDOR 10,217 - Pedro Rico,Calle Pedro Rico nº 4,0,1344.5543918944895
552,Instalación Deportiva Municipal Básica Sanchinarro IV,AVENIDA NICETO ALCALA ZAMORA 12,217 - Pedro Rico,Calle Pedro Rico nº 4,0,847.2453308794647
553,Instalación Deportiva Municipal Básica Sanchorreja,CALLE SANCHORREJA 8,225 - Doctor Lozano,Calle Sierra Toledana nº 33,9,4.020482518710196
554,Instalación Deportiva Municipal Básica Santa Ana I,CALLE HOSPITALET DE LLOBREGAT 11 c/v Travesía Hospitalet de Llobregat,217 - Pedro Rico,Calle Pedro Rico nº 4,0,1495.381021863781
555,Instalación Deportiva Municipal Básica Santa Ana II,PASEO ALAMEDILLAS 2,217 - Pedro Rico,Calle Pedro Rico nº 4,0,1895.184542127885
556,Instalación Deportiva Municipal Básica Santa Eugenia,CALLE CERRO DE ALMODOVAR 11,213 - Glorieta de Cádiz,Calle Antonio López nº 129,18,990.7511297427118
557,Instalación Deportiva Municipal Básica Santa Hortensia,CALLE SANTA HORTENSIA 34,258 - Ciudad Universitaria 1,Avenida de la Complutense (Metro Ciudad Universitaria),9,3.793424079194665
558,Instalación Deportiva Municipal Básica Santa Marca,CALLE PRADILLO 23,151 - Orense 12,Calle Orense nº 12,1,18.941436209715903
559,Instalación Deportiva Municipal Básica Santa Petronila,CARRETERA ANDALUCIA S/N SANTA PETRONILA,213 - Glorieta de Cádiz,Calle Antonio López nº 129,18,4522.172682352364
560,Instalación Deportiva Municipal Básica Santa Rita,CALLE ALBA DE TORMES 2,213 - Glorieta de Cádiz,Calle Antonio López nº 129,18,1072.0021497840062
561,Instalación Deportiva Municipal Básica Santa Virgilia,CALLE SANTA VIRGILIA 17,248 - Torre Cepsa,Calle Sinesio Delgado nº 2,11,269.62908634729683
562,Instalación Deportiva Municipal Básica Santuario de Valverde (Montecarmenlo),AVENIDA SANTUARIO DE VALVERDE 41,217 - Pedro Rico,Calle Pedro Rico nº 4,0,2902.513266850263
563,Instalación Deportiva Municipal Básica Sepúlveda,CALLE SEPULVEDA 220,226 - Sierra Toledana,Camino de Valderribas nº 94,19,21.71703013498336
564,Instalación Deportiva Municipal Básica Seseña,"CALLE SESEÑA 2 c/v Calle Valmojado, 2",174 - Madrid Río-Yeserías,Paseo de Yeserías nº 45,19,22.420348718762398
565,Instalación Deportiva Municipal Básica Sierra Elvira,CALLE SIERRA ELVIRA 37 Posterior,79 - Puerta de Granada,Avenida de Menéndez Pelayo nº 38,7,0.17878320813179016
566,Instalación Deportiva Municipal Básica Sierra del Valle,CALLE ARROYO DEL OLIVAR 96,177 - Legazpi,Calle Bolívar nº 3,14,74.42673452571034
567,Instalación Deportiva Municipal Básica Sinesio Delgado,CALLE ISLA DE OZA 61,255 - López Pozas,Calle General López Pozas nº 2,5,30.04618359170854
568,Instalación Deportiva Municipal Básica Skate Plaza,CALLE CAPITAN BLANCO ARGIBAY 173,252 - Chamartín,Calle Rodríguez Jaén nº 40,7,183.21272436436266
569,Instalación Deportiva Municipal Básica Soto Hidalgo,CALLE RIAÑO 1,206 - Metro Tetuán,Calle Marqués de Viana nº 3,5,55.062793016433716
570,Instalación Deportiva Municipal Básica Talbot,CALLE TALBOT 3,213 - Glorieta de Cádiz,Calle Antonio López nº 129,18,2564.0239424640313
571,Instalación Deportiva Municipal Básica Telémaco,CALLE TELEMACO s/n,204 - Cuatro Caminos 2,Calle Doctor Santero nº 1,1,26.80852936487645
572,Instalación Deportiva Municipal Básica Tercio Terol,CALLE CHINDASVINTO  c/v Tulga,228 - San Delfín,Calle San Delfín nº 9,17,36.30095643829554
573,Instalación Deportiva Municipal Básica Torrelaguna (La Colina),CALLE TORRELAGUNA  esq. Normas,205 - Estrecho,Calle Navarra nº 1,0,31.025698023848236
574,Instalación Deportiva Municipal Básica Torrespaña - Fuente del Berro (centro deportivo),CALLE NUDO M-30 C/V ALCALDE SAINZ DE BARANDA 94,62 - O'Donnell,Calle O'Donnell nº 50,5,2.2907688366249204
575,Instalación Deportiva Municipal Básica Tres Olivos I Pádel,CALLE CUEVA DE MONTESINOS 27,217 - Pedro Rico,Calle Pedro Rico nº 4,0,1990.1369783990085
576,Instalación Deportiva Municipal Básica Tres Olivos II,AVENIDA CAMPO DE CALATRAVA 3 c/v Alonso Quijano y Afueras a Valverde,217 - Pedro Rico,Calle Pedro Rico nº 4,0,2160.130372392945
577,Instalación Deportiva Municipal Básica Tribaldos I,CALLE TRIBALDOS 37 junto a la iglesia,208 - Plaza de Castilla,Paseo de la Castellana nº 216,4,77.2043137056753
578,Instalación Deportiva Municipal Básica Tribaldos II,CALLE TRIBALDOS 34,208 - Plaza de Castilla,Paseo de la Castellana nº 216,4,149.7411178573966
579,Instalación Deportiva Municipal Básica Trinquete,CALLE VELACHO BAJO 3,252 - Chamartín,Calle Rodríguez Jaén nº 40,7,108.87086918670684
580,Instalación Deportiva Municipal Básica UVA Pan Bendito,UVA PAN BENDITO ,213 - Glorieta de Cádiz,Calle Antonio López nº 129,18,1492.7458399310708
581,Instalación Deportiva Municipal Básica UVA de Vallecas,CALLE MONTE DE MONTJUICH 9 C/ Sierra Gorda,213 - Glorieta de Cádiz,Calle Antonio López nº 129,18,934.9015539539978
582,Instalación Deportiva Municipal Básica Urbanización Arroyo del Santo,AVENIDA PRUNOS 100,159 - Paseo de la Habana 63,Paseo de la Habana nº 63,11,35.00914790201932
583,Instalación Deportiva Municipal Básica Urbis,AVENIDA DOCTOR GARCIA TAPIA 117 esquina Avd. Moratalaz,39 - Plaza de la Cebada,Plaza de la Cebada nº 16 ,20,12.079987461678684
584,Instalación Deportiva Municipal Básica Valdebebas,CALLE JOSE ANTONIO FERNANDEZ ORDOÑEZ 25,217 - Pedro Rico,Calle Pedro Rico nº 4,0,1166.2923983745277
585,Instalación Deportiva Municipal Básica Valdebernardo,CALLE CORDEL DE PAVONES 9,221 - Pavones,Calle Hacienda de Pavones nº 342,16,3.138889637775719
586,Instalación Deportiva Municipal Básica Valdelasierra,CALLE VALDELASIERRA 7,179 - Puente de Vallecas,Avenida de la Albufera nº 6,13,6.762529071420431
587,Instalación Deportiva Municipal Básica Valderriba,AVENIDA GRAN VIA DEL ESTE 14,119 - Méndez Álvaro,Calle Méndez Álvaro nº 11,4,8.042183679528534
588,Instalación Deportiva Municipal Básica Valderromán,CALLE VALDERROMAN 22,252 - Chamartín,Calle Rodríguez Jaén nº 40,7,87.62129814364016
589,Instalación Deportiva Municipal Básica Valdetorres,"CALLE VALDETORRES DE JARAMA 29 Estrecho Ormuz, 6",252 - Chamartín,Calle Rodríguez Jaén nº 40,7,112.4597788983956
590,Instalación Deportiva Municipal Básica Valdeyeros,CALLE ROSALIA DE CASTRO 77,217 - Pedro Rico,Calle Pedro Rico nº 4,0,310.34398797899485
591,Instalación Deportiva Municipal Básica Valle Inclán,CALLE VALLE INCLÁN  C/V Aldeanueva de la Vera,213 - Glorieta de Cádiz,Calle Antonio López nº 129,18,1170.9841493004933
592,Instalación Deportiva Municipal Básica Vereda de Ganapanes,CALLE BECERREA 4 c/v Sinesio Delgado,252 - Chamartín,Calle Rodríguez Jaén nº 40,7,31.457879660651088
593,Instalación Deportiva Municipal Básica Via Lusitana,CALLE VIA LUSITANA 19 Parque Sur,213 - Glorieta de Cádiz,Calle Antonio López nº 129,18,1272.7085052561015
594,Instalación Deportiva Municipal Básica Victoria Hernández (El Espinillo II - centro deportivo),CALLE CONSENSO 5,213 - Glorieta de Cádiz,Calle Antonio López nº 129,18,3155.2928898939863
595,Instalación Deportiva Municipal Básica Villa de Pons - Avenida de San Luis,AVENIDA SAN LUIS 23,252 - Chamartín,Calle Rodríguez Jaén nº 40,7,8.057077153585851
596,Instalación Deportiva Municipal Básica Villabona,CALLE VILLABONA 4,213 - Glorieta de Cádiz,Calle Antonio López nº 129,18,2237.7149952370673
597,Instalación Deportiva Municipal Básica Villalonso,CALLE VILLALONSO 8,213 - Glorieta de Cádiz,Calle Antonio López nº 129,18,4376.386062050238
598,Instalación Deportiva Municipal Básica Virgen de la Estrella,PLAZUELA VIRGEN DE LA ESTRELLA 1,82 - Niño Jesús,Calle Doctor Esquerdo nº 161,6,10.48232630174607
599,Instalación Deportiva Municipal Básica Virgen del Cortijo - A.D. Oña Sanchinarro,CALLE OÑA 18,217 - Pedro Rico,Calle Pedro Rico nº 4,0,957.6964820465073
600,Instalación Deportiva Municipal Básica Vital Aza,CALLE VITAL AZA  esq. Ezequiel Solana,123 - Guzmán el Bueno,Calle Guzmán el Bueno nº 1,7,14.143569233827293
601,Instalación Deportiva Municipal Básica Yeserías I,PASEO YESERIAS 1,118 - Juan Martín,Calle Juan Martín el Empecinado nº 16,18,19.693358685821295
602,Instalación Deportiva Municipal Básica Zazuar,CALLE ZAZUAR 1 c/v Avda. Mediterráneo,213 - Glorieta de Cádiz,Calle Antonio López nº 129,18,709.1781811863184
603,Instalación Deportiva Municipal Básica Zofio,CALLE RICARDO BELTRAN Y ROZPIDE 12,213 - Glorieta de Cádiz,Calle Antonio López nº 129,18,911.726509431377
604,Instalación Deportiva Municipal Básica de Ribadeo y Verín,PLAZAS INTERIORES ENTRE PLAZA RIBADEO 1 Y PLAZA VERIN,249 - Manuel Caldeiro,Paseo de la Castellana nº 298,11,199.94995875190943
605,Instalación Deportiva Municipal Básica del Poblado Dirigido (Olesa de Montserrat),AVENIDA CARDENAL HERRERA ORIA 108,217 - Pedro Rico,Calle Pedro Rico nº 4,0,1063.4473585672677
606,Instalación Deportiva Municipal Básica paseo de la Vaguada,PASEO VAGUADA 13,249 - Manuel Caldeiro,Paseo de la Castellana nº 298,11,87.49989963788539
607,Instalación Deportiva Municipal Básica pista de patinaje Planetario,AVENIDA PLANETARIO 7,180 - Méndez Álvaro,Calle Retama nº 5,13,10.72295282036066
608,Instalación Deportiva Municipal Básica poblado de Santa Ana,CALLE Braille 15,217 - Pedro Rico,Calle Pedro Rico nº 4,0,1495.995209804736
609,Instalación Deportiva Municipal Canal de Remo Puente de la Princesa,PASARELA SUR DEL PUENTE DE LA PRINCESA ,213 - Glorieta de Cádiz,Calle Antonio López nº 129,18,76.75876953732222
610,Instalación Deportiva Municipal Embajadores M-30,CALLE PUERTO DE LA CRUZ VERDE 29,213 - Glorieta de Cádiz,Calle Antonio López nº 129,18,530.4669455476105
611,Instalación Deportiva Municipal Nave de Terneras,PASEO CHOPERA 10,227 - Concordia,Calle Arroyo del Olivar nº 6,21,49.202600286342204
612,Instalación Deportiva Municipal Parque Calle Vado,CALLE ANTONIO LOPEZ C/V CALLE VADO 189 c/v Vado,213 - Glorieta de Cádiz,Calle Antonio López nº 129,18,353.98020380456
613,Instalación Deportiva Municipal Parque Lineal del Manzanares - Victoriano González,CALLE EMBAJADORES 324,213 - Glorieta de Cádiz,Calle Antonio López nº 129,18,1682.6414732309058
614,Instalación Deportiva Municipal Puente de Praga,AVENIDA MANZANARES 176,228 - San Delfín,Calle San Delfín nº 9,17,91.53684492688626
615,Instalación Deportiva Municipal Pádel  Marqués de Monistrol,CALLE RIBERA DEL MANZANARES 1,96 - Castelló,Calle Alcalá nº 111,8,11.853101359680295
616,Instalación Deportiva Municipal Rocódromo 'Roc 30',AVENIDA MANZANARES 108,226 - Sierra Toledana,Camino de Valderribas nº 94,19,28.648697772063315
617,Instalación Deportiva San Vicente de Paúl,CALLE PELICANO 4,213 - Glorieta de Cádiz,Calle Antonio López nº 129,18,586.3305504936725
618,Instalación deportiva municipal básica Campo de Fútbol Gabriel Fernández,CALLE CUART DE POBLET 6,164 - Paseo de las Delicias,Paseo de las Delicias nº 92,7,8.369897400029004
619,Madrid Caja Mágica,CAMINO PERALES 23,213 - Glorieta de Cádiz,Calle Antonio López nº 129,18,2211.591219631955
620,Movistar Academy Magariños,CALLE SERRANO 129,214 - Condesa de Venadito,Calle Condesa de Venadito nº 2,10,69.88452732097358
621,Parque Deportivo Puerta de Hierro,CARRETERA DE LA CORUÑA  kilómetro 7,255 - López Pozas,Calle General López Pozas nº 2,5,28.69742629211396
622,Parque Lineal UZI 0.06 Arroyofresno,CALLE MARIA DE MAEZTU 1,217 - Pedro Rico,Calle Pedro Rico nº 4,0,674.6594031956047
623,Pista de Patinaje Paco de Lucía,AUDITORIO PACO DE LUCIA ,213 - Glorieta de Cádiz,Calle Antonio López nº 129,18,408.7303957287222
624,Pista de petanca Centro de Mayores La Vaguada,AVENIDA MONFORTE DE LEMOS 36,249 - Manuel Caldeiro,Paseo de la Castellana nº 298,11,38.630959240719676
625,WiZink Center,CALLE JORGE JUAN 99,17 - Carlos Cambronero,Plaza de Carlos Cambronero nº 2,22,0.8865197272971272
